{
"type": "FeatureCollection",
"name": "asset_paths",
"crs": { "type": "name", "properties": { "name": "urn:ogc:def:crs:OGC:1.3:CRS84" } },
"features": [
{ "type": "Feature", "properties": { "osm_type": "way", "osm_id": 24826540, "asset_type": "path", "asset_name": "Beach walks, access paths and Lakefront Trail segments", "authority": "OSM working geometry; CPD confirms ADA beach walk and paved dune-edge paths", "confidence": "medium", "spatial_precision": "mapped centerlines", "field_verify": "yes", "source_date": "2026-09-02 extract", "osm_tags": { "bicycle": "permissive", "foot": "yes", "highway": "footway" } }, "geometry": { "type": "LineString", "coordinates": [ [ -87.5746378, 41.7815078 ], [ -87.5744952, 41.7817308 ], [ -87.57489, 41.7819734 ], [ -87.5749462, 41.7819954 ], [ -87.5750098, 41.7820028 ], [ -87.5751336, 41.7820025 ] ] } },
{ "type": "Feature", "properties": { "osm_type": "way", "osm_id": 24925363, "asset_type": "path", "asset_name": "Beach walks, access paths and Lakefront Trail segments", "authority": "OSM working geometry; CPD confirms ADA beach walk and paved dune-edge paths", "confidence": "medium", "spatial_precision": "mapped centerlines", "field_verify": "yes", "source_date": "2026-09-02 extract", "osm_tags": { "bicycle": "yes", "foot": "yes", "highway": "footway" } }, "geometry": { "type": "LineString", "coordinates": [ [ -87.5755207, 41.7818494 ], [ -87.5755816, 41.7818191 ], [ -87.5756441, 41.7817762 ], [ -87.5757121, 41.7817206 ], [ -87.5757611, 41.7816509 ], [ -87.5758149, 41.7815964 ], [ -87.5758426, 41.7814753 ], [ -87.575869, 41.7813685 ], [ -87.5759426, 41.7812586 ], [ -87.5760137, 41.7811732 ], [ -87.5760507, 41.7811288 ], [ -87.5761435, 41.7810339 ], [ -87.576246, 41.7809455 ], [ -87.5763725, 41.7808654 ], [ -87.5765087, 41.780798 ], [ -87.5766682, 41.7807401 ], [ -87.5768063, 41.7806994 ] ] } },
{ "type": "Feature", "properties": { "osm_type": "way", "osm_id": 24925364, "asset_type": "path", "asset_name": "Beach walks, access paths and Lakefront Trail segments", "authority": "OSM working geometry; CPD confirms ADA beach walk and paved dune-edge paths", "confidence": "medium", "spatial_precision": "mapped centerlines", "field_verify": "yes", "source_date": "2026-09-02 extract", "osm_tags": { "bicycle": "yes", "foot": "yes", "highway": "footway", "layer": "-1", "tunnel": "yes" } }, "geometry": { "type": "LineString", "coordinates": [ [ -87.5751704, 41.7819881 ], [ -87.5755207, 41.7818494 ] ] } },
{ "type": "Feature", "properties": { "osm_type": "way", "osm_id": 30679034, "asset_type": "path", "asset_name": "Beach walks, access paths and Lakefront Trail segments", "authority": "OSM working geometry; CPD confirms ADA beach walk and paved dune-edge paths", "confidence": "medium", "spatial_precision": "mapped centerlines", "field_verify": "yes", "source_date": "2026-09-02 extract", "osm_tags": { "bicycle": "designated", "bridge": "yes", "foot": "no", "highway": "cycleway", "layer": "1", "name": "Lakefront Trail", "smoothness": "excellent", "surface": "concrete" } }, "geometry": { "type": "LineString", "coordinates": [ [ -87.5750486, 41.7760694 ], [ -87.5749746, 41.7757598 ] ] } },
{ "type": "Feature", "properties": { "osm_type": "way", "osm_id": 32972173, "asset_type": "path", "asset_name": "Beach walks, access paths and Lakefront Trail segments", "authority": "OSM working geometry; CPD confirms ADA beach walk and paved dune-edge paths", "confidence": "medium", "spatial_precision": "mapped centerlines", "field_verify": "yes", "source_date": "2026-09-02 extract", "osm_tags": { "highway": "footway" } }, "geometry": { "type": "LineString", "coordinates": [ [ -87.5683412, 41.7751696 ], [ -87.5686592, 41.7756413 ], [ -87.5690455, 41.7760062 ], [ -87.5694489, 41.7763326 ], [ -87.5696091, 41.7764335 ], [ -87.5696685, 41.7764673 ], [ -87.5699491, 41.7766271 ], [ -87.5700231, 41.7766685 ], [ -87.5700741, 41.7767185 ], [ -87.5701358, 41.7767906 ], [ -87.5703004, 41.7770121 ], [ -87.5703423, 41.7770586 ], [ -87.5704197, 41.7771285 ], [ -87.5713441, 41.7779256 ], [ -87.5713836, 41.7779506 ], [ -87.571436, 41.7779728 ], [ -87.5718324, 41.7780565 ], [ -87.5719644, 41.7780715 ], [ -87.5721278, 41.7782219 ], [ -87.572388, 41.7784948 ], [ -87.572475, 41.778591 ], [ -87.5725164, 41.7786257 ], [ -87.572611, 41.778699 ] ] } },
{ "type": "Feature", "properties": { "osm_type": "way", "osm_id": 33171451, "asset_type": "path", "asset_name": "Beach walks, access paths and Lakefront Trail segments", "authority": "OSM working geometry; CPD confirms ADA beach walk and paved dune-edge paths", "confidence": "medium", "spatial_precision": "mapped centerlines", "field_verify": "yes", "source_date": "2026-09-02 extract", "osm_tags": { "bicycle": "designated", "foot": "designated", "highway": "cycleway", "lcn": "yes", "name": "Marquette Road Access Path", "segregated": "no", "smoothness": "excellent", "surface": "concrete" } }, "geometry": { "type": "LineString", "coordinates": [ [ -87.5742685, 41.7754552 ], [ -87.5742686, 41.7754763 ], [ -87.5742687, 41.7754927 ], [ -87.5742967, 41.775517 ], [ -87.5744277, 41.7755523 ], [ -87.574642, 41.7756006 ], [ -87.5747912, 41.7756273 ], [ -87.5748789, 41.7756391 ] ] } },
{ "type": "Feature", "properties": { "osm_type": "way", "osm_id": 33171461, "asset_type": "path", "asset_name": "Beach walks, access paths and Lakefront Trail segments", "authority": "OSM working geometry; CPD confirms ADA beach walk and paved dune-edge paths", "confidence": "medium", "spatial_precision": "mapped centerlines", "field_verify": "yes", "source_date": "2026-09-02 extract", "osm_tags": { "cycleway": "track", "foot": "yes", "highway": "footway", "informal": "yes" } }, "geometry": { "type": "LineString", "coordinates": [ [ -87.5762505, 41.7797339 ], [ -87.5762995, 41.7794677 ], [ -87.5763408, 41.779314 ], [ -87.5764132, 41.779208 ], [ -87.5764266, 41.779138 ], [ -87.57644, 41.77887 ], [ -87.5764508, 41.778772 ], [ -87.5764937, 41.778484 ], [ -87.5764829, 41.778372 ], [ -87.5764213, 41.7782299 ], [ -87.5763864, 41.7779759 ], [ -87.576354, 41.7777154 ], [ -87.5763867, 41.7775065 ], [ -87.5763797, 41.7773271 ], [ -87.5762886, 41.7771582 ], [ -87.5760575, 41.7767978 ], [ -87.575908, 41.776655 ], [ -87.5757352, 41.7765296 ], [ -87.5756503, 41.7764586 ], [ -87.5756011, 41.7764004 ], [ -87.5755849, 41.7763671 ], [ -87.5755471, 41.7762194 ], [ -87.5755262, 41.776182 ], [ -87.5754956, 41.7761564 ], [ -87.5754233, 41.7761182 ], [ -87.5753851, 41.7760783 ], [ -87.5753716, 41.7760321 ] ] } },
{ "type": "Feature", "properties": { "osm_type": "way", "osm_id": 33171509, "asset_type": "path", "asset_name": "Beach walks, access paths and Lakefront Trail segments", "authority": "OSM working geometry; CPD confirms ADA beach walk and paved dune-edge paths", "confidence": "medium", "spatial_precision": "mapped centerlines", "field_verify": "yes", "source_date": "2026-09-02 extract", "osm_tags": { "bridge": "yes", "cycleway": "track", "foot": "yes", "highway": "footway", "layer": "1" } }, "geometry": { "type": "LineString", "coordinates": [ [ -87.5753716, 41.7760321 ], [ -87.5753292, 41.7757997 ], [ -87.5753135, 41.7757246 ] ] } },
{ "type": "Feature", "properties": { "osm_type": "way", "osm_id": 33782188, "asset_type": "path", "asset_name": "Beach walks, access paths and Lakefront Trail segments", "authority": "OSM working geometry; CPD confirms ADA beach walk and paved dune-edge paths", "confidence": "medium", "spatial_precision": "mapped centerlines", "field_verify": "yes", "source_date": "2026-09-02 extract", "osm_tags": { "highway": "footway", "source": "usgs" } }, "geometry": { "type": "LineString", "coordinates": [ [ -87.5771242, 41.7838586 ], [ -87.5771247, 41.783705 ], [ -87.5771387, 41.7835578 ], [ -87.5771927, 41.7834366 ], [ -87.5772703, 41.783336 ], [ -87.5773771, 41.7832501 ], [ -87.5774841, 41.7831908 ], [ -87.5776355, 41.7831413 ], [ -87.5778191, 41.7830964 ], [ -87.5781871, 41.7829803 ], [ -87.578267, 41.7829404 ] ] } },
{ "type": "Feature", "properties": { "osm_type": "way", "osm_id": 78088804, "asset_type": "path", "asset_name": "Beach walks, access paths and Lakefront Trail segments", "authority": "OSM working geometry; CPD confirms ADA beach walk and paved dune-edge paths", "confidence": "medium", "spatial_precision": "mapped centerlines", "field_verify": "yes", "source_date": "2026-09-02 extract", "osm_tags": { "foot": "yes", "highway": "footway" } }, "geometry": { "type": "LineString", "coordinates": [ [ -87.5784781, 41.7828251 ], [ -87.5785086, 41.782656 ], [ -87.578505, 41.7824429 ], [ -87.5784808, 41.7822841 ], [ -87.578434, 41.7821433 ], [ -87.5783228, 41.7819431 ], [ -87.5781729, 41.781751 ], [ -87.578043, 41.7815732 ], [ -87.577966, 41.7813497 ], [ -87.5779233, 41.7811199 ], [ -87.5779534, 41.780905 ] ] } },
{ "type": "Feature", "properties": { "osm_type": "way", "osm_id": 112726443, "asset_type": "path", "asset_name": "Beach walks, access paths and Lakefront Trail segments", "authority": "OSM working geometry; CPD confirms ADA beach walk and paved dune-edge paths", "confidence": "medium", "spatial_precision": "mapped centerlines", "field_verify": "yes", "source_date": "2026-09-02 extract", "osm_tags": { "bicycle": "yes", "cycleway": "track", "foot": "yes", "footway": "sidewalk", "highway": "footway" } }, "geometry": { "type": "LineString", "coordinates": [ [ -87.5753135, 41.7757246 ], [ -87.5753293, 41.7756525 ], [ -87.5753672, 41.7755557 ], [ -87.5754188, 41.7755401 ], [ -87.5757922, 41.775604 ], [ -87.5760128, 41.7756747 ] ] } },
{ "type": "Feature", "properties": { "osm_type": "way", "osm_id": 125510117, "asset_type": "path", "asset_name": "Beach walks, access paths and Lakefront Trail segments", "authority": "OSM working geometry; CPD confirms ADA beach walk and paved dune-edge paths", "confidence": "medium", "spatial_precision": "mapped centerlines", "field_verify": "yes", "source_date": "2026-09-02 extract", "osm_tags": { "bicycle": "yes", "bridge": "yes", "foot": "yes", "highway": "footway", "layer": "1" } }, "geometry": { "type": "LineString", "coordinates": [ [ -87.578395, 41.7801986 ], [ -87.5790022, 41.7799986 ] ] } },
{ "type": "Feature", "properties": { "osm_type": "way", "osm_id": 125771938, "asset_type": "path", "asset_name": "Beach walks, access paths and Lakefront Trail segments", "authority": "OSM working geometry; CPD confirms ADA beach walk and paved dune-edge paths", "confidence": "medium", "spatial_precision": "mapped centerlines", "field_verify": "yes", "source_date": "2026-09-02 extract", "osm_tags": { "bridge": "yes", "highway": "footway", "layer": "1", "surface": "concrete" } }, "geometry": { "type": "LineString", "coordinates": [ [ -87.5788899, 41.7798438 ], [ -87.5783042, 41.7800386 ] ] } },
{ "type": "Feature", "properties": { "osm_type": "way", "osm_id": 125771941, "asset_type": "path", "asset_name": "Beach walks, access paths and Lakefront Trail segments", "authority": "OSM working geometry; CPD confirms ADA beach walk and paved dune-edge paths", "confidence": "medium", "spatial_precision": "mapped centerlines", "field_verify": "yes", "source_date": "2026-09-02 extract", "osm_tags": { "highway": "footway", "surface": "paved" } }, "geometry": { "type": "LineString", "coordinates": [ [ -87.5783042, 41.7800386 ], [ -87.5782142, 41.7800606 ], [ -87.5781069, 41.7800646 ], [ -87.5779245, 41.7800646 ], [ -87.5776979, 41.7800826 ], [ -87.5773197, 41.7801796 ], [ -87.577022, 41.7802836 ] ] } },
{ "type": "Feature", "properties": { "osm_type": "way", "osm_id": 125954271, "asset_type": "path", "asset_name": "Beach walks, access paths and Lakefront Trail segments", "authority": "OSM working geometry; CPD confirms ADA beach walk and paved dune-edge paths", "confidence": "medium", "spatial_precision": "mapped centerlines", "field_verify": "yes", "source_date": "2026-09-02 extract", "osm_tags": { "bicycle": "no", "foot": "yes", "highway": "footway", "horse": "no" } }, "geometry": { "type": "LineString", "coordinates": [ [ -87.578644, 41.7835014 ], [ -87.578577, 41.7835184 ], [ -87.5783454, 41.7833543 ], [ -87.5782652, 41.7833617 ], [ -87.5779622, 41.7834806 ], [ -87.5776236, 41.783652 ], [ -87.5773066, 41.7838884 ] ] } },
{ "type": "Feature", "properties": { "osm_type": "way", "osm_id": 180827781, "asset_type": "path", "asset_name": "Beach walks, access paths and Lakefront Trail segments", "authority": "OSM working geometry; CPD confirms ADA beach walk and paved dune-edge paths", "confidence": "medium", "spatial_precision": "mapped centerlines", "field_verify": "yes", "source_date": "2026-09-02 extract", "osm_tags": { "highway": "footway" } }, "geometry": { "type": "LineString", "coordinates": [ [ -87.5746378, 41.7815078 ], [ -87.5746429, 41.7814776 ], [ -87.5746443, 41.7814508 ], [ -87.5746442, 41.7814178 ], [ -87.5746413, 41.78138 ], [ -87.5746344, 41.7813414 ], [ -87.5746252, 41.7813107 ], [ -87.574611, 41.7812652 ], [ -87.5745965, 41.7812284 ], [ -87.5745925, 41.7812214 ], [ -87.5745699, 41.7811818 ], [ -87.5745341, 41.7811361 ], [ -87.5744876, 41.7810907 ], [ -87.5744497, 41.7810559 ], [ -87.5744021, 41.7810188 ], [ -87.5743576, 41.7809874 ], [ -87.5743145, 41.7809625 ], [ -87.5742143, 41.7809203 ], [ -87.5740651, 41.7808664 ], [ -87.5739953, 41.7808424 ], [ -87.573953, 41.7808323 ], [ -87.5739271, 41.7808274 ], [ -87.5739097, 41.7808256 ], [ -87.5738926, 41.7808253 ], [ -87.5737748, 41.7808245 ], [ -87.5736529, 41.7808309 ], [ -87.5735104, 41.7808437 ], [ -87.5734901, 41.7808455 ], [ -87.5734171, 41.7808545 ], [ -87.5733889, 41.7808589 ], [ -87.57333, 41.780868 ], [ -87.5731476, 41.7808993 ] ] } },
{ "type": "Feature", "properties": { "osm_type": "way", "osm_id": 180827788, "asset_type": "path", "asset_name": "Beach walks, access paths and Lakefront Trail segments", "authority": "OSM working geometry; CPD confirms ADA beach walk and paved dune-edge paths", "confidence": "medium", "spatial_precision": "mapped centerlines", "field_verify": "yes", "source_date": "2026-09-02 extract", "osm_tags": { "bicycle": "designated", "foot": "designated", "highway": "cycleway", "lcn": "yes", "name": "Marquette Road Access Path", "segregated": "no", "smoothness": "excellent", "surface": "asphalt" } }, "geometry": { "type": "LineString", "coordinates": [ [ -87.5784836, 41.7760758 ], [ -87.5785173, 41.7760535 ], [ -87.5791866, 41.7760137 ], [ -87.5792482, 41.776014 ], [ -87.5793017, 41.776021 ], [ -87.5793428, 41.7760371 ] ] } },
{ "type": "Feature", "properties": { "osm_type": "way", "osm_id": 220417722, "asset_type": "path", "asset_name": "Beach walks, access paths and Lakefront Trail segments", "authority": "OSM working geometry; CPD confirms ADA beach walk and paved dune-edge paths", "confidence": "medium", "spatial_precision": "mapped centerlines", "field_verify": "yes", "source_date": "2026-09-02 extract", "osm_tags": { "bicycle": "designated", "foot": "designated", "highway": "cycleway", "lcn": "yes", "name": "Marquette Road Access Path", "segregated": "no", "smoothness": "excellent", "surface": "asphalt" } }, "geometry": { "type": "LineString", "coordinates": [ [ -87.5760128, 41.7756747 ], [ -87.5762842, 41.7757617 ], [ -87.5764093, 41.7758117 ], [ -87.5765764, 41.775881 ], [ -87.5767332, 41.7759281 ], [ -87.5770081, 41.7759961 ], [ -87.5771276, 41.7760251 ], [ -87.5772809, 41.7760491 ], [ -87.5774376, 41.7760602 ], [ -87.5776023, 41.7760709 ], [ -87.5778032, 41.7760684 ], [ -87.5778694, 41.7760704 ], [ -87.5779347, 41.7760868 ], [ -87.5780054, 41.7761195 ], [ -87.5782857, 41.7762558 ], [ -87.578389, 41.7761654 ] ] } },
{ "type": "Feature", "properties": { "osm_type": "way", "osm_id": 285288065, "asset_type": "path", "asset_name": "Beach walks, access paths and Lakefront Trail segments", "authority": "OSM working geometry; CPD confirms ADA beach walk and paved dune-edge paths", "confidence": "medium", "spatial_precision": "mapped centerlines", "field_verify": "yes", "source_date": "2026-09-02 extract", "osm_tags": { "bicycle": "yes", "foot": "yes", "highway": "footway" } }, "geometry": { "type": "LineString", "coordinates": [ [ -87.5751336, 41.7820025 ], [ -87.5751348, 41.7820631 ], [ -87.5751243, 41.7821667 ], [ -87.5751294, 41.7822325 ], [ -87.5751454, 41.7822885 ], [ -87.5751927, 41.7823795 ], [ -87.5752545, 41.7824443 ], [ -87.5753422, 41.7825086 ], [ -87.5754519, 41.782557 ], [ -87.5755305, 41.7825736 ], [ -87.5756258, 41.7825731 ], [ -87.5756622, 41.7825676 ] ] } },
{ "type": "Feature", "properties": { "osm_type": "way", "osm_id": 359847732, "asset_type": "path", "asset_name": "Beach walks, access paths and Lakefront Trail segments", "authority": "OSM working geometry; CPD confirms ADA beach walk and paved dune-edge paths", "confidence": "medium", "spatial_precision": "mapped centerlines", "field_verify": "yes", "source_date": "2026-09-02 extract", "osm_tags": { "highway": "footway" } }, "geometry": { "type": "LineString", "coordinates": [ [ -87.575578, 41.7798641 ], [ -87.5755149, 41.7798943 ], [ -87.5753524, 41.7799852 ], [ -87.5752804, 41.7800785 ], [ -87.5752362, 41.7801358 ], [ -87.5752175, 41.7801819 ], [ -87.5751705, 41.7803204 ], [ -87.5751648, 41.7804331 ], [ -87.5751746, 41.7805265 ], [ -87.5751949, 41.7806196 ] ] } },
{ "type": "Feature", "properties": { "osm_type": "way", "osm_id": 402322101, "asset_type": "path", "asset_name": "Beach walks, access paths and Lakefront Trail segments", "authority": "OSM working geometry; CPD confirms ADA beach walk and paved dune-edge paths", "confidence": "medium", "spatial_precision": "mapped centerlines", "field_verify": "yes", "source_date": "2026-09-02 extract", "osm_tags": { "highway": "footway" } }, "geometry": { "type": "LineString", "coordinates": [ [ -87.5738703, 41.7802707 ], [ -87.5739207, 41.7803123 ] ] } },
{ "type": "Feature", "properties": { "osm_type": "way", "osm_id": 402322104, "asset_type": "path", "asset_name": "Beach walks, access paths and Lakefront Trail segments", "authority": "OSM working geometry; CPD confirms ADA beach walk and paved dune-edge paths", "confidence": "medium", "spatial_precision": "mapped centerlines", "field_verify": "yes", "source_date": "2026-09-02 extract", "osm_tags": { "highway": "footway" } }, "geometry": { "type": "LineString", "coordinates": [ [ -87.5707154, 41.7766545 ], [ -87.5706241, 41.7767409 ], [ -87.5705831, 41.77678 ], [ -87.5706099, 41.7767941 ] ] } },
{ "type": "Feature", "properties": { "osm_type": "way", "osm_id": 402322105, "asset_type": "path", "asset_name": "Beach walks, access paths and Lakefront Trail segments", "authority": "OSM working geometry; CPD confirms ADA beach walk and paved dune-edge paths", "confidence": "medium", "spatial_precision": "mapped centerlines", "field_verify": "yes", "source_date": "2026-09-02 extract", "osm_tags": { "highway": "footway" } }, "geometry": { "type": "LineString", "coordinates": [ [ -87.575488, 41.7785504 ], [ -87.5754563, 41.7785423 ], [ -87.5753458, 41.7785176 ] ] } },
{ "type": "Feature", "properties": { "osm_type": "way", "osm_id": 402322106, "asset_type": "path", "asset_name": "Beach walks, access paths and Lakefront Trail segments", "authority": "OSM working geometry; CPD confirms ADA beach walk and paved dune-edge paths", "confidence": "medium", "spatial_precision": "mapped centerlines", "field_verify": "yes", "source_date": "2026-09-02 extract", "osm_tags": { "highway": "footway" } }, "geometry": { "type": "LineString", "coordinates": [ [ -87.5752452, 41.7781192 ], [ -87.5751971, 41.7782678 ], [ -87.5751679, 41.7783417 ], [ -87.5751346, 41.7784208 ] ] } },
{ "type": "Feature", "properties": { "osm_type": "way", "osm_id": 402322108, "asset_type": "path", "asset_name": "Beach walks, access paths and Lakefront Trail segments", "authority": "OSM working geometry; CPD confirms ADA beach walk and paved dune-edge paths", "confidence": "medium", "spatial_precision": "mapped centerlines", "field_verify": "yes", "source_date": "2026-09-02 extract", "osm_tags": { "highway": "footway" } }, "geometry": { "type": "LineString", "coordinates": [ [ -87.5743692, 41.7798947 ], [ -87.5744046, 41.7799455 ], [ -87.5744283, 41.7799878 ], [ -87.5743822, 41.7800849 ] ] } },
{ "type": "Feature", "properties": { "osm_type": "way", "osm_id": 436491358, "asset_type": "path", "asset_name": "Beach walks, access paths and Lakefront Trail segments", "authority": "OSM working geometry; CPD confirms ADA beach walk and paved dune-edge paths", "confidence": "medium", "spatial_precision": "mapped centerlines", "field_verify": "yes", "source_date": "2026-09-02 extract", "osm_tags": { "highway": "footway" } }, "geometry": { "type": "LineString", "coordinates": [ [ -87.5737658, 41.7811842 ], [ -87.5739953, 41.7808424 ], [ -87.5740282, 41.7807824 ] ] } },
{ "type": "Feature", "properties": { "osm_type": "way", "osm_id": 436491359, "asset_type": "path", "asset_name": "Beach walks, access paths and Lakefront Trail segments", "authority": "OSM working geometry; CPD confirms ADA beach walk and paved dune-edge paths", "confidence": "medium", "spatial_precision": "mapped centerlines", "field_verify": "yes", "source_date": "2026-09-02 extract", "osm_tags": { "highway": "footway" } }, "geometry": { "type": "LineString", "coordinates": [ [ -87.5739935, 41.7812687 ], [ -87.5742143, 41.7809203 ], [ -87.5743095, 41.7807886 ], [ -87.5740282, 41.7807824 ] ] } },
{ "type": "Feature", "properties": { "osm_type": "way", "osm_id": 436654759, "asset_type": "path", "asset_name": "Beach walks, access paths and Lakefront Trail segments", "authority": "OSM working geometry; CPD confirms ADA beach walk and paved dune-edge paths", "confidence": "medium", "spatial_precision": "mapped centerlines", "field_verify": "yes", "source_date": "2026-09-02 extract", "osm_tags": { "access": "private", "highway": "footway" } }, "geometry": { "type": "LineString", "coordinates": [ [ -87.5722625, 41.7777138 ], [ -87.5723013, 41.7776929 ], [ -87.5723349, 41.7776746 ], [ -87.572522, 41.7775978 ], [ -87.5726352, 41.7777412 ], [ -87.5727832, 41.777672 ], [ -87.5728792, 41.7776279 ], [ -87.5726577, 41.7773526 ], [ -87.5726335, 41.7774489 ], [ -87.5724635, 41.7775267 ], [ -87.572522, 41.7775978 ] ] } },
{ "type": "Feature", "properties": { "osm_type": "way", "osm_id": 558837559, "asset_type": "path", "asset_name": "Beach walks, access paths and Lakefront Trail segments", "authority": "OSM working geometry; CPD confirms ADA beach walk and paved dune-edge paths", "confidence": "medium", "spatial_precision": "mapped centerlines", "field_verify": "yes", "source_date": "2026-09-02 extract", "osm_tags": { "highway": "footway" } }, "geometry": { "type": "LineString", "coordinates": [ [ -87.5779233, 41.7811199 ], [ -87.5779897, 41.781006 ], [ -87.5781157, 41.7808891 ], [ -87.5781283, 41.7808774 ], [ -87.5783101, 41.7807441 ], [ -87.5785751, 41.7805638 ], [ -87.578703, 41.7805052 ], [ -87.5788401, 41.780473 ], [ -87.578951, 41.7804604 ], [ -87.5790295, 41.7804638 ], [ -87.5792237, 41.7804971 ], [ -87.5793253, 41.7805121 ], [ -87.5794116, 41.7805121 ], [ -87.5794932, 41.780504 ], [ -87.5795487, 41.7804799 ], [ -87.579598, 41.7804477 ], [ -87.5796273, 41.7804075 ], [ -87.5796473, 41.7803478 ], [ -87.5796673, 41.7801973 ], [ -87.579712, 41.7801422 ], [ -87.5797736, 41.7800709 ], [ -87.5798229, 41.7800296 ], [ -87.5798907, 41.7799905 ], [ -87.5799569, 41.7799561 ], [ -87.5800092, 41.7799214 ] ] } },
{ "type": "Feature", "properties": { "osm_type": "way", "osm_id": 558837564, "asset_type": "path", "asset_name": "Beach walks, access paths and Lakefront Trail segments", "authority": "OSM working geometry; CPD confirms ADA beach walk and paved dune-edge paths", "confidence": "medium", "spatial_precision": "mapped centerlines", "field_verify": "yes", "source_date": "2026-09-02 extract", "osm_tags": { "highway": "footway" } }, "geometry": { "type": "LineString", "coordinates": [ [ -87.5774324, 41.7806568 ], [ -87.5775476, 41.7806913 ], [ -87.5776246, 41.780728 ], [ -87.5777401, 41.7808073 ], [ -87.5778064, 41.7808579 ], [ -87.5778449, 41.7808808 ], [ -87.5779003, 41.7809004 ], [ -87.5779534, 41.780905 ] ] } },
{ "type": "Feature", "properties": { "osm_type": "way", "osm_id": 655146618, "asset_type": "path", "asset_name": "Beach walks, access paths and Lakefront Trail segments", "authority": "OSM working geometry; CPD confirms ADA beach walk and paved dune-edge paths", "confidence": "medium", "spatial_precision": "mapped centerlines", "field_verify": "yes", "source_date": "2026-09-02 extract", "osm_tags": { "bicycle": "designated", "foot": "designated", "highway": "cycleway", "layer": "-1", "lcn": "yes", "name": "Marquette Road Access Path", "segregated": "no", "smoothness": "excellent", "surface": "concrete", "tunnel": "yes" } }, "geometry": { "type": "LineString", "coordinates": [ [ -87.5748789, 41.7756391 ], [ -87.5753606, 41.7756352 ] ] } },
{ "type": "Feature", "properties": { "osm_type": "way", "osm_id": 890494647, "asset_type": "path", "asset_name": "Beach walks, access paths and Lakefront Trail segments", "authority": "OSM working geometry; CPD confirms ADA beach walk and paved dune-edge paths", "confidence": "medium", "spatial_precision": "mapped centerlines", "field_verify": "yes", "source_date": "2026-09-02 extract", "osm_tags": { "cycleway": "track", "foot": "yes", "highway": "footway", "surface": "paved" } }, "geometry": { "type": "LineString", "coordinates": [ [ -87.577022, 41.7802836 ], [ -87.5768933, 41.7802921 ], [ -87.5767485, 41.7802841 ], [ -87.5765956, 41.7802581 ], [ -87.5764454, 41.7801801 ], [ -87.5763152, 41.7800733 ], [ -87.5763038, 41.7800597 ], [ -87.5762758, 41.7800261 ] ] } },
{ "type": "Feature", "properties": { "osm_type": "way", "osm_id": 890494648, "asset_type": "path", "asset_name": "Beach walks, access paths and Lakefront Trail segments", "authority": "OSM working geometry; CPD confirms ADA beach walk and paved dune-edge paths", "confidence": "medium", "spatial_precision": "mapped centerlines", "field_verify": "yes", "source_date": "2026-09-02 extract", "osm_tags": { "crossing": "unmarked", "crossing:markings": "no", "foot": "yes", "footway": "crossing", "highway": "footway" } }, "geometry": { "type": "LineString", "coordinates": [ [ -87.5762758, 41.7800261 ], [ -87.5762587, 41.7800077 ], [ -87.5762332, 41.7799682 ], [ -87.5762213, 41.7799439 ] ] } },
{ "type": "Feature", "properties": { "osm_type": "way", "osm_id": 934512825, "asset_type": "path", "asset_name": "Beach walks, access paths and Lakefront Trail segments", "authority": "OSM working geometry; CPD confirms ADA beach walk and paved dune-edge paths", "confidence": "medium", "spatial_precision": "mapped centerlines", "field_verify": "yes", "source_date": "2026-09-02 extract", "osm_tags": { "footway": "sidewalk", "highway": "footway" } }, "geometry": { "type": "LineString", "coordinates": [ [ -87.5706811, 41.7766417 ], [ -87.5707154, 41.7766545 ], [ -87.5707793, 41.7766783 ], [ -87.5708765, 41.776732 ], [ -87.571011, 41.7768063 ], [ -87.5712942, 41.7769663 ], [ -87.5715184, 41.7771378 ], [ -87.5716204, 41.7772159 ], [ -87.5717176, 41.7773101 ], [ -87.5717795, 41.77737 ], [ -87.5719738, 41.7775583 ], [ -87.572181, 41.777759 ] ] } },
{ "type": "Feature", "properties": { "osm_type": "way", "osm_id": 934512828, "asset_type": "path", "asset_name": "Beach walks, access paths and Lakefront Trail segments", "authority": "OSM working geometry; CPD confirms ADA beach walk and paved dune-edge paths", "confidence": "medium", "spatial_precision": "mapped centerlines", "field_verify": "yes", "source_date": "2026-09-02 extract", "osm_tags": { "bicycle": "permissive", "foot": "yes", "highway": "footway" } }, "geometry": { "type": "LineString", "coordinates": [ [ -87.5730742, 41.7806527 ], [ -87.5725638, 41.7807756 ], [ -87.5725276, 41.7807958 ], [ -87.5724695, 41.7808522 ] ] } },
{ "type": "Feature", "properties": { "osm_type": "way", "osm_id": 934512830, "asset_type": "path", "asset_name": "Beach walks, access paths and Lakefront Trail segments", "authority": "OSM working geometry; CPD confirms ADA beach walk and paved dune-edge paths", "confidence": "medium", "spatial_precision": "mapped centerlines", "field_verify": "yes", "source_date": "2026-09-02 extract", "osm_tags": { "bicycle": "yes", "foot": "yes", "highway": "footway" } }, "geometry": { "type": "LineString", "coordinates": [ [ -87.5774324, 41.7806568 ], [ -87.5778451, 41.7805366 ], [ -87.5779231, 41.7805042 ], [ -87.5780108, 41.7804581 ], [ -87.5781158, 41.7803955 ], [ -87.5781777, 41.7803288 ], [ -87.5782484, 41.780272 ], [ -87.5783281, 41.7802278 ], [ -87.578395, 41.7801986 ] ] } },
{ "type": "Feature", "properties": { "osm_type": "way", "osm_id": 934512831, "asset_type": "path", "asset_name": "Beach walks, access paths and Lakefront Trail segments", "authority": "OSM working geometry; CPD confirms ADA beach walk and paved dune-edge paths", "confidence": "medium", "spatial_precision": "mapped centerlines", "field_verify": "yes", "source_date": "2026-09-02 extract", "osm_tags": { "foot": "yes", "highway": "footway" } }, "geometry": { "type": "LineString", "coordinates": [ [ -87.5779534, 41.780905 ], [ -87.5779574, 41.7808761 ], [ -87.5781158, 41.7803955 ] ] } },
{ "type": "Feature", "properties": { "osm_type": "way", "osm_id": 934512832, "asset_type": "path", "asset_name": "Beach walks, access paths and Lakefront Trail segments", "authority": "OSM working geometry; CPD confirms ADA beach walk and paved dune-edge paths", "confidence": "medium", "spatial_precision": "mapped centerlines", "field_verify": "yes", "source_date": "2026-09-02 extract", "osm_tags": { "highway": "footway", "surface": "gravel" } }, "geometry": { "type": "LineString", "coordinates": [ [ -87.5793353, 41.7828506 ], [ -87.5792039, 41.7827826 ], [ -87.578992, 41.7827366 ], [ -87.578823, 41.7827246 ], [ -87.5785897, 41.7827626 ], [ -87.5785166, 41.7827836 ], [ -87.5784781, 41.7828251 ] ] } },
{ "type": "Feature", "properties": { "osm_type": "way", "osm_id": 950297227, "asset_type": "path", "asset_name": "Beach walks, access paths and Lakefront Trail segments", "authority": "OSM working geometry; CPD confirms ADA beach walk and paved dune-edge paths", "confidence": "medium", "spatial_precision": "mapped centerlines", "field_verify": "yes", "source_date": "2026-09-02 extract", "osm_tags": { "bicycle": "no", "bridge": "yes", "foot": "designated", "highway": "path", "horse": "no", "lanes": "1", "layer": "1", "leisure": "mixed-use_track", "lit": "yes", "name": "Lakefront Trail", "oneway": "no", "smoothness": "good", "source": "DigitakGlobe Standard Imagery;GPS", "sport": "running", "surface": "concrete", "width": "3" } }, "geometry": { "type": "LineString", "coordinates": [ [ -87.5749374, 41.7757636 ], [ -87.5750064, 41.7760738 ] ] } },
{ "type": "Feature", "properties": { "osm_type": "way", "osm_id": 1004147318, "asset_type": "path", "asset_name": "Beach walks, access paths and Lakefront Trail segments", "authority": "OSM working geometry; CPD confirms ADA beach walk and paved dune-edge paths", "confidence": "medium", "spatial_precision": "mapped centerlines", "field_verify": "yes", "source_date": "2026-09-02 extract", "osm_tags": { "bicycle": "designated", "crossing": "traffic_signals", "crossing:island": "no", "crossing:markings": "zebra", "cycleway": "crossing", "foot": "designated", "highway": "cycleway", "lcn": "yes", "name": "Marquette Road Access Path", "segregated": "no", "smoothness": "excellent", "surface": "asphalt", "tactile_paving": "yes" } }, "geometry": { "type": "LineString", "coordinates": [ [ -87.578389, 41.7761654 ], [ -87.5784402, 41.7761191 ], [ -87.5784836, 41.7760758 ] ] } },
{ "type": "Feature", "properties": { "osm_type": "way", "osm_id": 1004147321, "asset_type": "path", "asset_name": "Beach walks, access paths and Lakefront Trail segments", "authority": "OSM working geometry; CPD confirms ADA beach walk and paved dune-edge paths", "confidence": "medium", "spatial_precision": "mapped centerlines", "field_verify": "yes", "source_date": "2026-09-02 extract", "osm_tags": { "crossing": "traffic_signals", "crossing:island": "no", "crossing:markings": "lines", "foot": "designated", "footway": "crossing", "highway": "footway", "smoothness": "excellent", "surface": "asphalt", "tactile_paving": "yes" } }, "geometry": { "type": "LineString", "coordinates": [ [ -87.5787471, 41.7765564 ], [ -87.578844, 41.7765711 ], [ -87.5789825, 41.7765929 ], [ -87.5790623, 41.7766037 ] ] } },
{ "type": "Feature", "properties": { "osm_type": "way", "osm_id": 1004147442, "asset_type": "path", "asset_name": "Beach walks, access paths and Lakefront Trail segments", "authority": "OSM working geometry; CPD confirms ADA beach walk and paved dune-edge paths", "confidence": "medium", "spatial_precision": "mapped centerlines", "field_verify": "yes", "source_date": "2026-09-02 extract", "osm_tags": { "bicycle": "designated", "foot": "no", "highway": "cycleway", "lit": "yes", "name": "Lakefront Trail", "smoothness": "good", "source": "DigitakGlobe Standard Imagery;GPS", "surface": "asphalt", "width": "5" } }, "geometry": { "type": "LineString", "coordinates": [ [ -87.5746383, 41.7796833 ], [ -87.5746567, 41.7796617 ], [ -87.5746962, 41.7796143 ], [ -87.5747868, 41.779523 ], [ -87.5749304, 41.7793598 ], [ -87.5750942, 41.7791473 ], [ -87.575189, 41.779032 ], [ -87.5752846, 41.7788989 ], [ -87.5753263, 41.7788325 ], [ -87.5754269, 41.7786682 ], [ -87.575488, 41.7785504 ], [ -87.5755489, 41.77837 ], [ -87.5755793, 41.778196 ], [ -87.5756077, 41.7780249 ], [ -87.5756234, 41.7779214 ], [ -87.5756248, 41.7777216 ], [ -87.5755962, 41.7774619 ], [ -87.575569, 41.7773194 ], [ -87.5755262, 41.777213 ], [ -87.5754815, 41.7770913 ], [ -87.5754426, 41.7770045 ], [ -87.575229, 41.7765918 ], [ -87.5750898, 41.7762633 ], [ -87.5750486, 41.7760694 ] ] } },
{ "type": "Feature", "properties": { "osm_type": "way", "osm_id": 1004147443, "asset_type": "path", "asset_name": "Beach walks, access paths and Lakefront Trail segments", "authority": "OSM working geometry; CPD confirms ADA beach walk and paved dune-edge paths", "confidence": "medium", "spatial_precision": "mapped centerlines", "field_verify": "yes", "source_date": "2026-09-02 extract", "osm_tags": { "bicycle": "designated", "button_operated": "yes", "crossing": "traffic_signals", "crossing:island": "no", "crossing:markings": "zebra", "cycleway": "crossing", "foot": "permissive", "highway": "cycleway", "lit": "yes", "name": "Lakefront Trail", "smoothness": "good", "source": "DigitakGlobe Standard Imagery;GPS", "surface": "asphalt", "tactile_paving": "yes", "traffic_signals:countdown": "yes", "traffic_signals:sound": "yes", "width": "5" } }, "geometry": { "type": "LineString", "coordinates": [ [ -87.574505, 41.7808005 ], [ -87.5744998, 41.7807436 ], [ -87.5744901, 41.7806708 ], [ -87.5744884, 41.7806045 ] ] } },
{ "type": "Feature", "properties": { "osm_type": "way", "osm_id": 1004147444, "asset_type": "path", "asset_name": "Beach walks, access paths and Lakefront Trail segments", "authority": "OSM working geometry; CPD confirms ADA beach walk and paved dune-edge paths", "confidence": "medium", "spatial_precision": "mapped centerlines", "field_verify": "yes", "source_date": "2026-09-02 extract", "osm_tags": { "bicycle": "no", "foot": "designated", "highway": "path", "horse": "no", "lanes": "2", "leisure": "mixed-use_track", "lit": "yes", "name": "Lakefront Trail", "smoothness": "good", "source": "DigitakGlobe Standard Imagery;GPS", "sport": "running", "surface": "asphalt", "width": "3" } }, "geometry": { "type": "LineString", "coordinates": [ [ -87.5753507, 41.7782159 ], [ -87.5754899, 41.77836 ], [ -87.5755018, 41.7783822 ], [ -87.5754998, 41.7784073 ], [ -87.5754879, 41.7784545 ], [ -87.5754563, 41.7785423 ], [ -87.5754384, 41.7785808 ], [ -87.575375, 41.7786931 ], [ -87.5752939, 41.7788229 ], [ -87.575255, 41.7788873 ], [ -87.575178, 41.7789646 ], [ -87.5751225, 41.7790325 ], [ -87.5750541, 41.7791458 ], [ -87.5749512, 41.7792839 ], [ -87.57486, 41.7793961 ], [ -87.5747358, 41.7795319 ], [ -87.5746613, 41.7796072 ], [ -87.5746124, 41.7796708 ] ] } },
{ "type": "Feature", "properties": { "osm_type": "way", "osm_id": 1004147445, "asset_type": "path", "asset_name": "Beach walks, access paths and Lakefront Trail segments", "authority": "OSM working geometry; CPD confirms ADA beach walk and paved dune-edge paths", "confidence": "medium", "spatial_precision": "mapped centerlines", "field_verify": "yes", "source_date": "2026-09-02 extract", "osm_tags": { "bicycle": "yes", "crossing": "uncontrolled", "crossing:island": "no", "crossing:markings": "zebra", "foot": "designated", "footway": "crossing", "highway": "footway", "horse": "no", "lanes": "2", "leisure": "mixed-use_track", "lit": "yes", "name": "Lakefront Trail", "smoothness": "good", "source": "DigitakGlobe Standard Imagery;GPS", "sport": "running", "surface": "asphalt", "tactile_paving": "yes", "width": "3" } }, "geometry": { "type": "LineString", "coordinates": [ [ -87.5730742, 41.7806527 ], [ -87.5730674, 41.7806822 ], [ -87.5730639, 41.7807137 ], [ -87.5730971, 41.7807833 ], [ -87.5731273, 41.7808556 ], [ -87.5731331, 41.780868 ], [ -87.5731476, 41.7808993 ] ] } },
{ "type": "Feature", "properties": { "osm_type": "way", "osm_id": 1018375446, "asset_type": "path", "asset_name": "Beach walks, access paths and Lakefront Trail segments", "authority": "OSM working geometry; CPD confirms ADA beach walk and paved dune-edge paths", "confidence": "medium", "spatial_precision": "mapped centerlines", "field_verify": "yes", "source_date": "2026-09-02 extract", "osm_tags": { "highway": "footway" } }, "geometry": { "type": "LineString", "coordinates": [ [ -87.5724599, 41.7798315 ], [ -87.5726581, 41.7793525 ], [ -87.5726713, 41.7793258 ], [ -87.57269, 41.7793078 ], [ -87.5727877, 41.7792924 ], [ -87.5729405, 41.7792304 ], [ -87.5730317, 41.7792254 ], [ -87.5732074, 41.7791894 ], [ -87.5732249, 41.7791724 ], [ -87.5732704, 41.7790984 ], [ -87.5733281, 41.7789984 ], [ -87.5733812, 41.7788167 ] ] } },
{ "type": "Feature", "properties": { "osm_type": "way", "osm_id": 1018375447, "asset_type": "path", "asset_name": "Beach walks, access paths and Lakefront Trail segments", "authority": "OSM working geometry; CPD confirms ADA beach walk and paved dune-edge paths", "confidence": "medium", "spatial_precision": "mapped centerlines", "field_verify": "yes", "source_date": "2026-09-02 extract", "osm_tags": { "access": "private", "highway": "footway" } }, "geometry": { "type": "LineString", "coordinates": [ [ -87.5726577, 41.7773526 ], [ -87.5726533, 41.7773483 ], [ -87.57245, 41.7774429 ], [ -87.5723013, 41.7774443 ], [ -87.572096, 41.7772062 ], [ -87.5719843, 41.7770765 ] ] } },
{ "type": "Feature", "properties": { "osm_type": "way", "osm_id": 1018375448, "asset_type": "path", "asset_name": "Beach walks, access paths and Lakefront Trail segments", "authority": "OSM working geometry; CPD confirms ADA beach walk and paved dune-edge paths", "confidence": "medium", "spatial_precision": "mapped centerlines", "field_verify": "yes", "source_date": "2026-09-02 extract", "osm_tags": { "access": "private", "highway": "footway" } }, "geometry": { "type": "LineString", "coordinates": [ [ -87.5719843, 41.7770765 ], [ -87.5720703, 41.7770472 ], [ -87.572079, 41.7770442 ] ] } },
{ "type": "Feature", "properties": { "osm_type": "way", "osm_id": 1036338500, "asset_type": "path", "asset_name": "Beach walks, access paths and Lakefront Trail segments", "authority": "OSM working geometry; CPD confirms ADA beach walk and paved dune-edge paths", "confidence": "medium", "spatial_precision": "mapped centerlines", "field_verify": "yes", "source_date": "2026-09-02 extract", "osm_tags": { "crossing": "traffic_signals", "crossing:island": "no", "crossing:markings": "zebra", "crossing:signals": "yes", "footway": "crossing", "highway": "footway", "tactile_paving": "yes" } }, "geometry": { "type": "LineString", "coordinates": [ [ -87.5754188, 41.7755401 ], [ -87.5754246, 41.7755148 ], [ -87.5754448, 41.775426 ], [ -87.5754612, 41.7753206 ], [ -87.5754839, 41.7752861 ] ] } },
{ "type": "Feature", "properties": { "osm_type": "way", "osm_id": 1039035335, "asset_type": "path", "asset_name": "Beach walks, access paths and Lakefront Trail segments", "authority": "OSM working geometry; CPD confirms ADA beach walk and paved dune-edge paths", "confidence": "medium", "spatial_precision": "mapped centerlines", "field_verify": "yes", "source_date": "2026-09-02 extract", "osm_tags": { "access": "private", "highway": "footway" } }, "geometry": { "type": "LineString", "coordinates": [ [ -87.5753458, 41.7785176 ], [ -87.5752032, 41.7784844 ] ] } },
{ "type": "Feature", "properties": { "osm_type": "way", "osm_id": 1039035340, "asset_type": "path", "asset_name": "Beach walks, access paths and Lakefront Trail segments", "authority": "OSM working geometry; CPD confirms ADA beach walk and paved dune-edge paths", "confidence": "medium", "spatial_precision": "mapped centerlines", "field_verify": "yes", "source_date": "2026-09-02 extract", "osm_tags": { "access": "private", "area": "yes", "highway": "pedestrian" } }, "geometry": { "type": "Polygon", "coordinates": [ [ [ -87.5750723, 41.7788007 ], [ -87.5750359, 41.7787885 ], [ -87.5749951, 41.7787747 ], [ -87.5749336, 41.778876 ], [ -87.5750109, 41.778902 ], [ -87.5750723, 41.7788007 ] ] ] } },
{ "type": "Feature", "properties": { "osm_type": "way", "osm_id": 1039035341, "asset_type": "path", "asset_name": "Beach walks, access paths and Lakefront Trail segments", "authority": "OSM working geometry; CPD confirms ADA beach walk and paved dune-edge paths", "confidence": "medium", "spatial_precision": "mapped centerlines", "field_verify": "yes", "source_date": "2026-09-02 extract", "osm_tags": { "access": "yes", "highway": "footway" } }, "geometry": { "type": "LineString", "coordinates": [ [ -87.5753263, 41.7788325 ], [ -87.5752939, 41.7788229 ], [ -87.5752625, 41.7788179 ], [ -87.5752065, 41.7787969 ] ] } },
{ "type": "Feature", "properties": { "osm_type": "way", "osm_id": 1039035342, "asset_type": "path", "asset_name": "Beach walks, access paths and Lakefront Trail segments", "authority": "OSM working geometry; CPD confirms ADA beach walk and paved dune-edge paths", "confidence": "medium", "spatial_precision": "mapped centerlines", "field_verify": "yes", "source_date": "2026-09-02 extract", "osm_tags": { "access": "private", "highway": "footway" } }, "geometry": { "type": "LineString", "coordinates": [ [ -87.5752065, 41.7787969 ], [ -87.5751615, 41.7787835 ], [ -87.5750546, 41.7787538 ], [ -87.5750076, 41.7787407 ], [ -87.5750417, 41.7786529 ] ] } },
{ "type": "Feature", "properties": { "osm_type": "way", "osm_id": 1039035343, "asset_type": "path", "asset_name": "Beach walks, access paths and Lakefront Trail segments", "authority": "OSM working geometry; CPD confirms ADA beach walk and paved dune-edge paths", "confidence": "medium", "spatial_precision": "mapped centerlines", "field_verify": "yes", "source_date": "2026-09-02 extract", "osm_tags": { "access": "private", "highway": "footway" } }, "geometry": { "type": "LineString", "coordinates": [ [ -87.5750546, 41.7787538 ], [ -87.5750359, 41.7787885 ] ] } },
{ "type": "Feature", "properties": { "osm_type": "way", "osm_id": 1039035349, "asset_type": "path", "asset_name": "Beach walks, access paths and Lakefront Trail segments", "authority": "OSM working geometry; CPD confirms ADA beach walk and paved dune-edge paths", "confidence": "medium", "spatial_precision": "mapped centerlines", "field_verify": "yes", "source_date": "2026-09-02 extract", "osm_tags": { "highway": "footway" } }, "geometry": { "type": "LineString", "coordinates": [ [ -87.5751575, 41.7768426 ], [ -87.5750172, 41.7766152 ], [ -87.5748531, 41.7764035 ], [ -87.5747096, 41.7762451 ] ] } },
{ "type": "Feature", "properties": { "osm_type": "way", "osm_id": 1063068379, "asset_type": "path", "asset_name": "Beach walks, access paths and Lakefront Trail segments", "authority": "OSM working geometry; CPD confirms ADA beach walk and paved dune-edge paths", "confidence": "medium", "spatial_precision": "mapped centerlines", "field_verify": "yes", "source_date": "2026-09-02 extract", "osm_tags": { "bicycle": "permissive", "crossing": "traffic_signals", "crossing:island": "no", "crossing:markings": "zebra", "crossing:signals": "yes", "footway": "crossing", "highway": "footway", "tactile_paving": "yes" } }, "geometry": { "type": "LineString", "coordinates": [ [ -87.5748051, 41.7755129 ], [ -87.5748122, 41.7754889 ], [ -87.5748211, 41.7754542 ], [ -87.574847, 41.775354 ], [ -87.5748684, 41.775258 ], [ -87.5749109, 41.775172 ] ] } },
{ "type": "Feature", "properties": { "osm_type": "way", "osm_id": 1137353636, "asset_type": "path", "asset_name": "Beach walks, access paths and Lakefront Trail segments", "authority": "OSM working geometry; CPD confirms ADA beach walk and paved dune-edge paths", "confidence": "medium", "spatial_precision": "mapped centerlines", "field_verify": "yes", "source_date": "2026-09-02 extract", "osm_tags": { "bicycle": "no", "foot": "yes", "highway": "path", "horse": "no", "motor_vehicle": "no", "surface": "dirt" } }, "geometry": { "type": "LineString", "coordinates": [ [ -87.5789567, 41.7831521 ], [ -87.5789147, 41.7832287 ] ] } },
{ "type": "Feature", "properties": { "osm_type": "way", "osm_id": 1148978547, "asset_type": "path", "asset_name": "Beach walks, access paths and Lakefront Trail segments", "authority": "OSM working geometry; CPD confirms ADA beach walk and paved dune-edge paths", "confidence": "medium", "spatial_precision": "mapped centerlines", "field_verify": "yes", "source_date": "2026-09-02 extract", "osm_tags": { "bicycle": "yes", "foot": "yes", "highway": "footway" } }, "geometry": { "type": "LineString", "coordinates": [ [ -87.5769545, 41.7806608 ], [ -87.5770432, 41.780646 ], [ -87.5771161, 41.7806424 ], [ -87.5771597, 41.7806495 ], [ -87.5772663, 41.7806717 ], [ -87.5773281, 41.7806767 ], [ -87.5773875, 41.7806699 ], [ -87.5774324, 41.7806568 ] ] } },
{ "type": "Feature", "properties": { "osm_type": "way", "osm_id": 1148978548, "asset_type": "path", "asset_name": "Beach walks, access paths and Lakefront Trail segments", "authority": "OSM working geometry; CPD confirms ADA beach walk and paved dune-edge paths", "confidence": "medium", "spatial_precision": "mapped centerlines", "field_verify": "yes", "source_date": "2026-09-02 extract", "osm_tags": { "bicycle": "yes", "crossing": "uncontrolled", "crossing:markings": "zebra", "foot": "yes", "footway": "crossing", "highway": "footway", "tactile_paving": "yes" } }, "geometry": { "type": "LineString", "coordinates": [ [ -87.5768063, 41.7806994 ], [ -87.576875, 41.7806815 ], [ -87.5769545, 41.7806608 ] ] } },
{ "type": "Feature", "properties": { "osm_type": "way", "osm_id": 1185455027, "asset_type": "path", "asset_name": "Beach walks, access paths and Lakefront Trail segments", "authority": "OSM working geometry; CPD confirms ADA beach walk and paved dune-edge paths", "confidence": "medium", "spatial_precision": "mapped centerlines", "field_verify": "yes", "source_date": "2026-09-02 extract", "osm_tags": { "bicycle": "yes", "foot": "yes", "highway": "footway" } }, "geometry": { "type": "LineString", "coordinates": [ [ -87.5751336, 41.7820025 ], [ -87.5751704, 41.7819881 ] ] } },
{ "type": "Feature", "properties": { "osm_type": "way", "osm_id": 1187687379, "asset_type": "path", "asset_name": "Beach walks, access paths and Lakefront Trail segments", "authority": "OSM working geometry; CPD confirms ADA beach walk and paved dune-edge paths", "confidence": "medium", "spatial_precision": "mapped centerlines", "field_verify": "yes", "source_date": "2026-09-02 extract", "osm_tags": { "highway": "footway" } }, "geometry": { "type": "LineString", "coordinates": [ [ -87.5752495, 41.7808824 ], [ -87.5752984, 41.781004 ], [ -87.5754067, 41.7811032 ], [ -87.5755069, 41.7812207 ], [ -87.5755479, 41.7813239 ], [ -87.5755648, 41.7814193 ], [ -87.5755911, 41.7815191 ], [ -87.5756633, 41.7815704 ], [ -87.5758149, 41.7815964 ] ] } },
{ "type": "Feature", "properties": { "osm_type": "way", "osm_id": 1187687380, "asset_type": "path", "asset_name": "Beach walks, access paths and Lakefront Trail segments", "authority": "OSM working geometry; CPD confirms ADA beach walk and paved dune-edge paths", "confidence": "medium", "spatial_precision": "mapped centerlines", "field_verify": "yes", "source_date": "2026-09-02 extract", "osm_tags": { "highway": "footway", "layer": "-1", "tunnel": "yes" } }, "geometry": { "type": "LineString", "coordinates": [ [ -87.5751949, 41.7806196 ], [ -87.5752495, 41.7808824 ] ] } },
{ "type": "Feature", "properties": { "osm_type": "way", "osm_id": 1190188775, "asset_type": "path", "asset_name": "Beach walks, access paths and Lakefront Trail segments", "authority": "OSM working geometry; CPD confirms ADA beach walk and paved dune-edge paths", "confidence": "medium", "spatial_precision": "mapped centerlines", "field_verify": "yes", "source_date": "2026-09-02 extract", "osm_tags": { "highway": "footway", "source": "https://jacksonparkimprovements.org/construction-info" } }, "geometry": { "type": "LineString", "coordinates": [ [ -87.575578, 41.7798641 ], [ -87.575475, 41.7798111 ], [ -87.5753845, 41.7798015 ], [ -87.5752607, 41.7798342 ], [ -87.5751225, 41.779901 ], [ -87.575054, 41.7800174 ], [ -87.5749905, 41.7800729 ], [ -87.5749317, 41.7801529 ], [ -87.5749059, 41.7802465 ], [ -87.5748984, 41.7803346 ], [ -87.5748842, 41.7805495 ] ] } },
{ "type": "Feature", "properties": { "osm_type": "way", "osm_id": 1190188776, "asset_type": "path", "asset_name": "Beach walks, access paths and Lakefront Trail segments", "authority": "OSM working geometry; CPD confirms ADA beach walk and paved dune-edge paths", "confidence": "medium", "spatial_precision": "mapped centerlines", "field_verify": "yes", "source_date": "2026-09-02 extract", "osm_tags": { "button_operated": "yes", "crossing": "traffic_signals", "crossing:island": "no", "crossing:markings": "zebra", "footway": "crossing", "highway": "footway", "source": "https://jacksonparkimprovements.org/construction-info", "tactile_paving": "yes", "traffic_signals:countdown": "yes", "traffic_signals:sound": "yes" } }, "geometry": { "type": "LineString", "coordinates": [ [ -87.5744868, 41.780568 ], [ -87.5745263, 41.7805658 ], [ -87.574615, 41.780561 ], [ -87.5747964, 41.7805532 ], [ -87.5748538, 41.7805507 ], [ -87.5748842, 41.7805495 ] ] } },
{ "type": "Feature", "properties": { "osm_type": "way", "osm_id": 1277625938, "asset_type": "path", "asset_name": "Beach walks, access paths and Lakefront Trail segments", "authority": "OSM working geometry; CPD confirms ADA beach walk and paved dune-edge paths", "confidence": "medium", "spatial_precision": "mapped centerlines", "field_verify": "yes", "source_date": "2026-09-02 extract", "osm_tags": { "bicycle": "no", "foot": "designated", "highway": "path", "horse": "no", "lanes": "2", "leisure": "mixed-use_track", "lit": "yes", "name": "Lakefront Trail", "smoothness": "good", "source": "DigitakGlobe Standard Imagery;GPS", "sport": "running", "surface": "concrete", "width": "3" } }, "geometry": { "type": "LineString", "coordinates": [ [ -87.5731476, 41.7808993 ], [ -87.5731962, 41.7809636 ], [ -87.5737658, 41.7811842 ], [ -87.5739935, 41.7812687 ], [ -87.5746378, 41.7815078 ], [ -87.5748784, 41.781597 ] ] } },
{ "type": "Feature", "properties": { "osm_type": "way", "osm_id": 1277625939, "asset_type": "path", "asset_name": "Beach walks, access paths and Lakefront Trail segments", "authority": "OSM working geometry; CPD confirms ADA beach walk and paved dune-edge paths", "confidence": "medium", "spatial_precision": "mapped centerlines", "field_verify": "yes", "source_date": "2026-09-02 extract", "osm_tags": { "bicycle": "permissive", "highway": "footway" } }, "geometry": { "type": "LineString", "coordinates": [ [ -87.5746383, 41.7796833 ], [ -87.5746124, 41.7796708 ] ] } },
{ "type": "Feature", "properties": { "osm_type": "way", "osm_id": 1277625940, "asset_type": "path", "asset_name": "Beach walks, access paths and Lakefront Trail segments", "authority": "OSM working geometry; CPD confirms ADA beach walk and paved dune-edge paths", "confidence": "medium", "spatial_precision": "mapped centerlines", "field_verify": "yes", "source_date": "2026-09-02 extract", "osm_tags": { "foot": "designated", "highway": "path", "horse": "no", "lanes": "2", "leisure": "mixed-use_track", "lit": "yes", "name": "Lakefront Trail", "smoothness": "good", "source": "DigitakGlobe Standard Imagery;GPS", "sport": "running", "surface": "asphalt", "width": "4" } }, "geometry": { "type": "LineString", "coordinates": [ [ -87.5746124, 41.7796708 ], [ -87.5743692, 41.7798947 ], [ -87.5740904, 41.7801097 ], [ -87.5738703, 41.7802707 ], [ -87.5736364, 41.7804209 ], [ -87.5732944, 41.7805718 ], [ -87.5732442, 41.780594 ], [ -87.5730742, 41.7806527 ] ] } },
{ "type": "Feature", "properties": { "osm_type": "way", "osm_id": 1277625942, "asset_type": "path", "asset_name": "Beach walks, access paths and Lakefront Trail segments", "authority": "OSM working geometry; CPD confirms ADA beach walk and paved dune-edge paths", "confidence": "medium", "spatial_precision": "mapped centerlines", "field_verify": "yes", "source_date": "2026-09-02 extract", "osm_tags": { "bicycle": "no", "foot": "designated", "highway": "path", "horse": "no", "lanes": "1", "leisure": "mixed-use_track", "lit": "yes", "name": "Lakefront Trail", "oneway": "no", "smoothness": "good", "source": "DigitakGlobe Standard Imagery;GPS", "sport": "running", "surface": "asphalt", "width": "3" } }, "geometry": { "type": "LineString", "coordinates": [ [ -87.5717184, 41.7757419 ], [ -87.5717734, 41.7757324 ], [ -87.5718105, 41.7757256 ], [ -87.5718683, 41.7757158 ], [ -87.5719938, 41.7756963 ], [ -87.5722526, 41.7756405 ], [ -87.5726693, 41.7755555 ], [ -87.5729874, 41.7755038 ], [ -87.5731261, 41.7754831 ], [ -87.5732347, 41.7754711 ], [ -87.5733826, 41.7754607 ], [ -87.5736429, 41.7754533 ], [ -87.5739842, 41.7754619 ], [ -87.5741428, 41.7754722 ], [ -87.5742686, 41.7754763 ], [ -87.5743708, 41.7754791 ], [ -87.5744887, 41.7754844 ] ] } },
{ "type": "Feature", "properties": { "osm_type": "way", "osm_id": 1277625943, "asset_type": "path", "asset_name": "Beach walks, access paths and Lakefront Trail segments", "authority": "OSM working geometry; CPD confirms ADA beach walk and paved dune-edge paths", "confidence": "medium", "spatial_precision": "mapped centerlines", "field_verify": "yes", "source_date": "2026-09-02 extract", "osm_tags": { "bicycle": "designated", "foot": "no", "highway": "cycleway", "name": "Lakefront Trail", "smoothness": "good", "surface": "asphalt", "width": "4" } }, "geometry": { "type": "LineString", "coordinates": [ [ -87.5744909, 41.7754637 ], [ -87.5742685, 41.7754552 ], [ -87.5742268, 41.7754539 ], [ -87.573931, 41.7754378 ], [ -87.5736406, 41.7754314 ], [ -87.5734296, 41.775436 ], [ -87.5732409, 41.775447 ], [ -87.5730552, 41.7754705 ], [ -87.5727379, 41.7755193 ], [ -87.5724236, 41.7755797 ], [ -87.5720399, 41.7756637 ], [ -87.571884, 41.7756885 ], [ -87.5717126, 41.7757263 ] ] } },
{ "type": "Feature", "properties": { "osm_type": "way", "osm_id": 1277625944, "asset_type": "path", "asset_name": "Beach walks, access paths and Lakefront Trail segments", "authority": "OSM working geometry; CPD confirms ADA beach walk and paved dune-edge paths", "confidence": "medium", "spatial_precision": "mapped centerlines", "field_verify": "yes", "source_date": "2026-09-02 extract", "osm_tags": { "bicycle": "designated", "foot": "permissive", "highway": "cycleway", "lit": "yes", "name": "Lakefront Trail", "smoothness": "good", "source": "DigitakGlobe Standard Imagery;GPS", "surface": "asphalt", "width": "5" } }, "geometry": { "type": "LineString", "coordinates": [ [ -87.5744868, 41.780568 ], [ -87.5744841, 41.7804829 ], [ -87.5744848, 41.7803924 ], [ -87.5744983, 41.7802665 ], [ -87.5745243, 41.7801391 ], [ -87.5745866, 41.7799088 ], [ -87.5746236, 41.77973 ], [ -87.5746383, 41.7796833 ] ] } },
{ "type": "Feature", "properties": { "osm_type": "way", "osm_id": 1277625945, "asset_type": "path", "asset_name": "Beach walks, access paths and Lakefront Trail segments", "authority": "OSM working geometry; CPD confirms ADA beach walk and paved dune-edge paths", "confidence": "medium", "spatial_precision": "mapped centerlines", "field_verify": "yes", "source_date": "2026-09-02 extract", "osm_tags": { "highway": "footway" } }, "geometry": { "type": "LineString", "coordinates": [ [ -87.5745925, 41.7812214 ], [ -87.5746658, 41.781205 ] ] } },
{ "type": "Feature", "properties": { "osm_type": "way", "osm_id": 1277625947, "asset_type": "path", "asset_name": "Beach walks, access paths and Lakefront Trail segments", "authority": "OSM working geometry; CPD confirms ADA beach walk and paved dune-edge paths", "confidence": "medium", "spatial_precision": "mapped centerlines", "field_verify": "yes", "source_date": "2026-09-02 extract", "osm_tags": { "bicycle": "designated", "foot": "permissive", "highway": "cycleway", "lit": "yes", "name": "Lakefront Trail", "smoothness": "good", "source": "DigitakGlobe Standard Imagery;GPS", "surface": "concrete", "width": "5" } }, "geometry": { "type": "LineString", "coordinates": [ [ -87.5746658, 41.781205 ], [ -87.5745729, 41.7810069 ], [ -87.5745485, 41.7809405 ], [ -87.574517, 41.7808569 ] ] } },
{ "type": "Feature", "properties": { "osm_type": "way", "osm_id": 1297221676, "asset_type": "path", "asset_name": "Beach walks, access paths and Lakefront Trail segments", "authority": "OSM working geometry; CPD confirms ADA beach walk and paved dune-edge paths", "confidence": "medium", "spatial_precision": "mapped centerlines", "field_verify": "yes", "source_date": "2026-09-02 extract", "osm_tags": { "highway": "steps", "incline": "down", "surface": "concrete" } }, "geometry": { "type": "LineString", "coordinates": [ [ -87.5728822, 41.7789658 ], [ -87.5729394, 41.779022 ] ] } },
{ "type": "Feature", "properties": { "osm_type": "way", "osm_id": 1297221677, "asset_type": "path", "asset_name": "Beach walks, access paths and Lakefront Trail segments", "authority": "OSM working geometry; CPD confirms ADA beach walk and paved dune-edge paths", "confidence": "medium", "spatial_precision": "mapped centerlines", "field_verify": "yes", "source_date": "2026-09-02 extract", "osm_tags": { "highway": "footway" } }, "geometry": { "type": "LineString", "coordinates": [ [ -87.5729394, 41.779022 ], [ -87.5729703, 41.7790524 ] ] } },
{ "type": "Feature", "properties": { "osm_type": "way", "osm_id": 1297221678, "asset_type": "path", "asset_name": "Beach walks, access paths and Lakefront Trail segments", "authority": "OSM working geometry; CPD confirms ADA beach walk and paved dune-edge paths", "confidence": "medium", "spatial_precision": "mapped centerlines", "field_verify": "yes", "source_date": "2026-09-02 extract", "osm_tags": { "highway": "footway" } }, "geometry": { "type": "LineString", "coordinates": [ [ -87.5728296, 41.7792191 ], [ -87.5726895, 41.7792296 ], [ -87.5725587, 41.7791991 ], [ -87.5724798, 41.7791385 ], [ -87.5724466, 41.7791129 ], [ -87.5724011, 41.7790485 ], [ -87.5723929, 41.7789719 ], [ -87.5724128, 41.7788726 ], [ -87.5724128, 41.7787529 ], [ -87.5724674, 41.7786637 ], [ -87.5725164, 41.7786257 ], [ -87.5725929, 41.7785955 ], [ -87.5727222, 41.7785662 ], [ -87.5727857, 41.7785444 ] ] } },
{ "type": "Feature", "properties": { "osm_type": "way", "osm_id": 1297221700, "asset_type": "path", "asset_name": "Beach walks, access paths and Lakefront Trail segments", "authority": "OSM working geometry; CPD confirms ADA beach walk and paved dune-edge paths", "confidence": "medium", "spatial_precision": "mapped centerlines", "field_verify": "yes", "source_date": "2026-09-02 extract", "osm_tags": { "access": "private", "bridge": "yes", "highway": "footway", "layer": "1", "name": "Dock D" } }, "geometry": { "type": "LineString", "coordinates": [ [ -87.572079, 41.7770442 ], [ -87.5721316, 41.7770203 ] ] } },
{ "type": "Feature", "properties": { "osm_type": "way", "osm_id": 1297221701, "asset_type": "path", "asset_name": "Beach walks, access paths and Lakefront Trail segments", "authority": "OSM working geometry; CPD confirms ADA beach walk and paved dune-edge paths", "confidence": "medium", "spatial_precision": "mapped centerlines", "field_verify": "yes", "source_date": "2026-09-02 extract", "osm_tags": { "access": "private", "bridge": "yes", "highway": "footway", "layer": "1", "name": "Dock C" } }, "geometry": { "type": "LineString", "coordinates": [ [ -87.5726711, 41.7773455 ], [ -87.5727435, 41.7773077 ] ] } },
{ "type": "Feature", "properties": { "osm_type": "way", "osm_id": 1297221702, "asset_type": "path", "asset_name": "Beach walks, access paths and Lakefront Trail segments", "authority": "OSM working geometry; CPD confirms ADA beach walk and paved dune-edge paths", "confidence": "medium", "spatial_precision": "mapped centerlines", "field_verify": "yes", "source_date": "2026-09-02 extract", "osm_tags": { "access": "private", "bridge": "yes", "highway": "footway", "layer": "1", "name": "Dock B" } }, "geometry": { "type": "LineString", "coordinates": [ [ -87.572852, 41.7777113 ], [ -87.5729641, 41.7776632 ] ] } },
{ "type": "Feature", "properties": { "osm_type": "way", "osm_id": 1297221703, "asset_type": "path", "asset_name": "Beach walks, access paths and Lakefront Trail segments", "authority": "OSM working geometry; CPD confirms ADA beach walk and paved dune-edge paths", "confidence": "medium", "spatial_precision": "mapped centerlines", "field_verify": "yes", "source_date": "2026-09-02 extract", "osm_tags": { "access": "private", "bridge": "yes", "highway": "footway", "layer": "1", "name": "Dock A" } }, "geometry": { "type": "LineString", "coordinates": [ [ -87.5732287, 41.7780637 ], [ -87.5732647, 41.7780383 ] ] } },
{ "type": "Feature", "properties": { "osm_type": "way", "osm_id": 1297221704, "asset_type": "path", "asset_name": "Beach walks, access paths and Lakefront Trail segments", "authority": "OSM working geometry; CPD confirms ADA beach walk and paved dune-edge paths", "confidence": "medium", "spatial_precision": "mapped centerlines", "field_verify": "yes", "source_date": "2026-09-02 extract", "osm_tags": { "highway": "footway" } }, "geometry": { "type": "LineString", "coordinates": [ [ -87.5726577, 41.7773526 ], [ -87.572666, 41.7773494 ], [ -87.5726711, 41.7773455 ] ] } },
{ "type": "Feature", "properties": { "osm_type": "way", "osm_id": 1297221705, "asset_type": "path", "asset_name": "Beach walks, access paths and Lakefront Trail segments", "authority": "OSM working geometry; CPD confirms ADA beach walk and paved dune-edge paths", "confidence": "medium", "spatial_precision": "mapped centerlines", "field_verify": "yes", "source_date": "2026-09-02 extract", "osm_tags": { "highway": "footway" } }, "geometry": { "type": "LineString", "coordinates": [ [ -87.5728424, 41.7777219 ], [ -87.5728479, 41.7777159 ], [ -87.572852, 41.7777113 ] ] } },
{ "type": "Feature", "properties": { "osm_type": "way", "osm_id": 1297221706, "asset_type": "path", "asset_name": "Beach walks, access paths and Lakefront Trail segments", "authority": "OSM working geometry; CPD confirms ADA beach walk and paved dune-edge paths", "confidence": "medium", "spatial_precision": "mapped centerlines", "field_verify": "yes", "source_date": "2026-09-02 extract", "osm_tags": { "highway": "footway" } }, "geometry": { "type": "LineString", "coordinates": [ [ -87.5732175, 41.778072 ], [ -87.5732239, 41.7780673 ], [ -87.5732287, 41.7780637 ] ] } },
{ "type": "Feature", "properties": { "osm_type": "way", "osm_id": 1297256923, "asset_type": "path", "asset_name": "Beach walks, access paths and Lakefront Trail segments", "authority": "OSM working geometry; CPD confirms ADA beach walk and paved dune-edge paths", "confidence": "medium", "spatial_precision": "mapped centerlines", "field_verify": "yes", "source_date": "2026-09-02 extract", "osm_tags": { "highway": "footway" } }, "geometry": { "type": "LineString", "coordinates": [ [ -87.5784107, 41.776928 ], [ -87.5785277, 41.7774561 ], [ -87.5785529, 41.7775237 ], [ -87.5785622, 41.7775531 ], [ -87.5785815, 41.777638 ], [ -87.5785958, 41.7776971 ], [ -87.5785988, 41.7777911 ], [ -87.578598, 41.7778697 ], [ -87.5785978, 41.7778911 ], [ -87.5785785, 41.7780389 ], [ -87.5785775, 41.7781215 ], [ -87.5785826, 41.7781958 ], [ -87.5785947, 41.778259 ], [ -87.5786029, 41.7783019 ], [ -87.5786374, 41.7784186 ], [ -87.5786803, 41.7785068 ], [ -87.5786842, 41.7785149 ], [ -87.5787054, 41.7785526 ], [ -87.5787208, 41.7785801 ], [ -87.5787879, 41.7786779 ], [ -87.5788966, 41.7788075 ], [ -87.5789873, 41.7789112 ], [ -87.5790186, 41.7789469 ], [ -87.5791153, 41.7790681 ], [ -87.5791214, 41.7790912 ], [ -87.5790276, 41.7792154 ], [ -87.5787427, 41.7795929 ] ] } },
{ "type": "Feature", "properties": { "osm_type": "way", "osm_id": 1297256925, "asset_type": "path", "asset_name": "Beach walks, access paths and Lakefront Trail segments", "authority": "OSM working geometry; CPD confirms ADA beach walk and paved dune-edge paths", "confidence": "medium", "spatial_precision": "mapped centerlines", "field_verify": "yes", "source_date": "2026-09-02 extract", "osm_tags": { "highway": "footway" } }, "geometry": { "type": "LineString", "coordinates": [ [ -87.5786803, 41.7785068 ], [ -87.5787281, 41.7784941 ], [ -87.5788237, 41.7784662 ], [ -87.5788373, 41.7784517 ], [ -87.5788727, 41.7783976 ], [ -87.5788895, 41.778356 ], [ -87.5789063, 41.7783155 ], [ -87.5789588, 41.7782803 ], [ -87.5790581, 41.7782374 ] ] } },
{ "type": "Feature", "properties": { "osm_type": "way", "osm_id": 1297256938, "asset_type": "path", "asset_name": "Beach walks, access paths and Lakefront Trail segments", "authority": "OSM working geometry; CPD confirms ADA beach walk and paved dune-edge paths", "confidence": "medium", "spatial_precision": "mapped centerlines", "field_verify": "yes", "source_date": "2026-09-02 extract", "osm_tags": { "access": "private", "bridge": "yes", "highway": "footway", "layer": "1", "name": "Dock B" } }, "geometry": { "type": "LineString", "coordinates": [ [ -87.5785349, 41.7775272 ], [ -87.5784465, 41.7775356 ] ] } },
{ "type": "Feature", "properties": { "osm_type": "way", "osm_id": 1297256939, "asset_type": "path", "asset_name": "Beach walks, access paths and Lakefront Trail segments", "authority": "OSM working geometry; CPD confirms ADA beach walk and paved dune-edge paths", "confidence": "medium", "spatial_precision": "mapped centerlines", "field_verify": "yes", "source_date": "2026-09-02 extract", "osm_tags": { "access": "private", "bridge": "yes", "highway": "footway", "layer": "1", "name": "Dock C" } }, "geometry": { "type": "LineString", "coordinates": [ [ -87.5785851, 41.7778689 ], [ -87.578492, 41.7778803 ] ] } },
{ "type": "Feature", "properties": { "osm_type": "way", "osm_id": 1297256940, "asset_type": "path", "asset_name": "Beach walks, access paths and Lakefront Trail segments", "authority": "OSM working geometry; CPD confirms ADA beach walk and paved dune-edge paths", "confidence": "medium", "spatial_precision": "mapped centerlines", "field_verify": "yes", "source_date": "2026-09-02 extract", "osm_tags": { "access": "private", "bridge": "yes", "highway": "footway", "layer": "1", "name": "Dock D" } }, "geometry": { "type": "LineString", "coordinates": [ [ -87.5785798, 41.7782583 ], [ -87.5784883, 41.7782557 ] ] } },
{ "type": "Feature", "properties": { "osm_type": "way", "osm_id": 1297256941, "asset_type": "path", "asset_name": "Beach walks, access paths and Lakefront Trail segments", "authority": "OSM working geometry; CPD confirms ADA beach walk and paved dune-edge paths", "confidence": "medium", "spatial_precision": "mapped centerlines", "field_verify": "yes", "source_date": "2026-09-02 extract", "osm_tags": { "access": "private", "bridge": "yes", "highway": "footway", "layer": "1", "name": "Dock E" } }, "geometry": { "type": "LineString", "coordinates": [ [ -87.578692, 41.7785576 ], [ -87.5785635, 41.7785911 ] ] } },
{ "type": "Feature", "properties": { "osm_type": "way", "osm_id": 1297256942, "asset_type": "path", "asset_name": "Beach walks, access paths and Lakefront Trail segments", "authority": "OSM working geometry; CPD confirms ADA beach walk and paved dune-edge paths", "confidence": "medium", "spatial_precision": "mapped centerlines", "field_verify": "yes", "source_date": "2026-09-02 extract", "osm_tags": { "access": "private", "bridge": "yes", "highway": "footway", "layer": "1", "name": "Dock F" } }, "geometry": { "type": "LineString", "coordinates": [ [ -87.5789777, 41.7789169 ], [ -87.5788304, 41.7789815 ] ] } },
{ "type": "Feature", "properties": { "osm_type": "way", "osm_id": 1297256943, "asset_type": "path", "asset_name": "Beach walks, access paths and Lakefront Trail segments", "authority": "OSM working geometry; CPD confirms ADA beach walk and paved dune-edge paths", "confidence": "medium", "spatial_precision": "mapped centerlines", "field_verify": "yes", "source_date": "2026-09-02 extract", "osm_tags": { "highway": "footway" } }, "geometry": { "type": "LineString", "coordinates": [ [ -87.5785349, 41.7775272 ], [ -87.5785456, 41.7775254 ], [ -87.5785529, 41.7775237 ] ] } },
{ "type": "Feature", "properties": { "osm_type": "way", "osm_id": 1297256946, "asset_type": "path", "asset_name": "Beach walks, access paths and Lakefront Trail segments", "authority": "OSM working geometry; CPD confirms ADA beach walk and paved dune-edge paths", "confidence": "medium", "spatial_precision": "mapped centerlines", "field_verify": "yes", "source_date": "2026-09-02 extract", "osm_tags": { "highway": "footway" } }, "geometry": { "type": "LineString", "coordinates": [ [ -87.5785851, 41.7778689 ], [ -87.5785932, 41.7778692 ], [ -87.578598, 41.7778697 ] ] } },
{ "type": "Feature", "properties": { "osm_type": "way", "osm_id": 1297256948, "asset_type": "path", "asset_name": "Beach walks, access paths and Lakefront Trail segments", "authority": "OSM working geometry; CPD confirms ADA beach walk and paved dune-edge paths", "confidence": "medium", "spatial_precision": "mapped centerlines", "field_verify": "yes", "source_date": "2026-09-02 extract", "osm_tags": { "highway": "footway" } }, "geometry": { "type": "LineString", "coordinates": [ [ -87.5785798, 41.7782583 ], [ -87.5785886, 41.7782586 ], [ -87.5785947, 41.778259 ] ] } },
{ "type": "Feature", "properties": { "osm_type": "way", "osm_id": 1297256950, "asset_type": "path", "asset_name": "Beach walks, access paths and Lakefront Trail segments", "authority": "OSM working geometry; CPD confirms ADA beach walk and paved dune-edge paths", "confidence": "medium", "spatial_precision": "mapped centerlines", "field_verify": "yes", "source_date": "2026-09-02 extract", "osm_tags": { "highway": "footway" } }, "geometry": { "type": "LineString", "coordinates": [ [ -87.578692, 41.7785576 ], [ -87.5787001, 41.7785552 ], [ -87.5787054, 41.7785526 ] ] } },
{ "type": "Feature", "properties": { "osm_type": "way", "osm_id": 1297256952, "asset_type": "path", "asset_name": "Beach walks, access paths and Lakefront Trail segments", "authority": "OSM working geometry; CPD confirms ADA beach walk and paved dune-edge paths", "confidence": "medium", "spatial_precision": "mapped centerlines", "field_verify": "yes", "source_date": "2026-09-02 extract", "osm_tags": { "highway": "footway" } }, "geometry": { "type": "LineString", "coordinates": [ [ -87.5789777, 41.7789169 ], [ -87.5789835, 41.7789135 ], [ -87.5789873, 41.7789112 ] ] } },
{ "type": "Feature", "properties": { "osm_type": "way", "osm_id": 1307504283, "asset_type": "path", "asset_name": "Beach walks, access paths and Lakefront Trail segments", "authority": "OSM working geometry; CPD confirms ADA beach walk and paved dune-edge paths", "confidence": "medium", "spatial_precision": "mapped centerlines", "field_verify": "yes", "source_date": "2026-09-02 extract", "osm_tags": { "bicycle": "permissive", "highway": "footway", "surface": "paved" } }, "geometry": { "type": "LineString", "coordinates": [ [ -87.5787471, 41.7765564 ], [ -87.5786246, 41.7766853 ] ] } },
{ "type": "Feature", "properties": { "osm_type": "way", "osm_id": 1344476697, "asset_type": "path", "asset_name": "Beach walks, access paths and Lakefront Trail segments", "authority": "OSM working geometry; CPD confirms ADA beach walk and paved dune-edge paths", "confidence": "medium", "spatial_precision": "mapped centerlines", "field_verify": "yes", "source_date": "2026-09-02 extract", "osm_tags": { "bicycle": "designated", "crossing": "traffic_signals", "crossing:island": "no", "crossing:markings": "zebra", "crossing:signals": "yes", "cycleway": "crossing", "foot": "designated", "highway": "cycleway", "name": "Lakefront Trail", "segregated": "no", "smoothness": "good", "surface": "asphalt", "tactile_paving": "yes", "width": "4" } }, "geometry": { "type": "LineString", "coordinates": [ [ -87.5716521, 41.7757396 ], [ -87.5716379, 41.7757397 ], [ -87.5715246, 41.7757404 ], [ -87.5713952, 41.7757437 ] ] } },
{ "type": "Feature", "properties": { "osm_type": "way", "osm_id": 1344476699, "asset_type": "path", "asset_name": "Beach walks, access paths and Lakefront Trail segments", "authority": "OSM working geometry; CPD confirms ADA beach walk and paved dune-edge paths", "confidence": "medium", "spatial_precision": "mapped centerlines", "field_verify": "yes", "source_date": "2026-09-02 extract", "osm_tags": { "footway": "sidewalk", "highway": "footway" } }, "geometry": { "type": "LineString", "coordinates": [ [ -87.5716521, 41.7757396 ], [ -87.571622, 41.7757907 ], [ -87.5715539, 41.7759408 ], [ -87.5714959, 41.776053 ], [ -87.5713536, 41.7762751 ], [ -87.5713323, 41.7763258 ], [ -87.5713201, 41.7764069 ], [ -87.5713252, 41.7764858 ], [ -87.5713445, 41.7765949 ], [ -87.5713851, 41.7767056 ], [ -87.5714583, 41.77682 ], [ -87.5715132, 41.7769026 ], [ -87.5716067, 41.7770027 ], [ -87.5718123, 41.7772005 ] ] } },
{ "type": "Feature", "properties": { "osm_type": "way", "osm_id": 1346087364, "asset_type": "path", "asset_name": "Beach walks, access paths and Lakefront Trail segments", "authority": "OSM working geometry; CPD confirms ADA beach walk and paved dune-edge paths", "confidence": "medium", "spatial_precision": "mapped centerlines", "field_verify": "yes", "source_date": "2026-09-02 extract", "osm_tags": { "bicycle": "no", "foot": "designated", "highway": "path", "horse": "no", "lanes": "2", "leisure": "mixed-use_track", "lit": "yes", "name": "Lakefront Trail", "smoothness": "good", "source": "DigitakGlobe Standard Imagery;GPS", "sport": "running", "surface": "asphalt", "width": "4" } }, "geometry": { "type": "LineString", "coordinates": [ [ -87.5707611, 41.7763677 ], [ -87.5707439, 41.7762924 ], [ -87.5707418, 41.7762489 ], [ -87.570752, 41.7762015 ], [ -87.5707942, 41.7761453 ], [ -87.5708722, 41.7760805 ], [ -87.570945, 41.7760253 ], [ -87.5710226, 41.7759674 ], [ -87.5711148, 41.7759004 ], [ -87.5711748, 41.7758541 ], [ -87.5712291, 41.7758113 ], [ -87.5712617, 41.7757914 ], [ -87.5713335, 41.7757658 ] ] } },
{ "type": "Feature", "properties": { "osm_type": "way", "osm_id": 1346087365, "asset_type": "path", "asset_name": "Beach walks, access paths and Lakefront Trail segments", "authority": "OSM working geometry; CPD confirms ADA beach walk and paved dune-edge paths", "confidence": "medium", "spatial_precision": "mapped centerlines", "field_verify": "yes", "source_date": "2026-09-02 extract", "osm_tags": { "bicycle": "no", "crossing": "uncontrolled", "crossing:island": "no", "crossing:markings": "zebra", "foot": "designated", "footway": "crossing", "highway": "footway", "horse": "no", "lanes": "2", "leisure": "mixed-use_track", "lit": "yes", "name": "Lakefront Trail", "smoothness": "good", "source": "DigitakGlobe Standard Imagery;GPS", "sport": "running", "surface": "asphalt", "tactile_paving": "yes", "width": "4" } }, "geometry": { "type": "LineString", "coordinates": [ [ -87.5707004, 41.7766081 ], [ -87.5707326, 41.7765291 ], [ -87.5707502, 41.7764458 ], [ -87.5707611, 41.7763677 ] ] } },
{ "type": "Feature", "properties": { "osm_type": "way", "osm_id": 1347511070, "asset_type": "path", "asset_name": "Beach walks, access paths and Lakefront Trail segments", "authority": "OSM working geometry; CPD confirms ADA beach walk and paved dune-edge paths", "confidence": "medium", "spatial_precision": "mapped centerlines", "field_verify": "yes", "source_date": "2026-09-02 extract", "osm_tags": { "bicycle": "no", "foot": "designated", "highway": "path", "horse": "no", "lanes": "2", "leisure": "mixed-use_track", "lit": "yes", "name": "Lakefront Trail", "smoothness": "good", "source": "DigitakGlobe Standard Imagery;GPS", "sport": "running", "surface": "asphalt", "width": "3" } }, "geometry": { "type": "LineString", "coordinates": [ [ -87.5750064, 41.7760738 ], [ -87.5750286, 41.7762442 ], [ -87.5750372, 41.7763381 ], [ -87.5751459, 41.7766749 ], [ -87.5751644, 41.7767653 ], [ -87.5751592, 41.77682 ] ] } },
{ "type": "Feature", "properties": { "osm_type": "way", "osm_id": 1347511071, "asset_type": "path", "asset_name": "Beach walks, access paths and Lakefront Trail segments", "authority": "OSM working geometry; CPD confirms ADA beach walk and paved dune-edge paths", "confidence": "medium", "spatial_precision": "mapped centerlines", "field_verify": "yes", "source_date": "2026-09-02 extract", "osm_tags": { "bicycle": "no", "foot": "designated", "highway": "path", "horse": "no", "lanes": "2", "leisure": "mixed-use_track", "lit": "yes", "name": "Lakefront Trail", "smoothness": "good", "source": "DigitakGlobe Standard Imagery;GPS", "sport": "running", "surface": "concrete", "width": "3" } }, "geometry": { "type": "LineString", "coordinates": [ [ -87.5751575, 41.7768426 ], [ -87.5752769, 41.7770852 ], [ -87.575319, 41.7772318 ], [ -87.5753537, 41.7774257 ], [ -87.5753562, 41.7775574 ], [ -87.5753418, 41.7777707 ], [ -87.5752904, 41.7779391 ], [ -87.5752452, 41.7781192 ] ] } },
{ "type": "Feature", "properties": { "osm_type": "way", "osm_id": 1347511072, "asset_type": "path", "asset_name": "Beach walks, access paths and Lakefront Trail segments", "authority": "OSM working geometry; CPD confirms ADA beach walk and paved dune-edge paths", "confidence": "medium", "spatial_precision": "mapped centerlines", "field_verify": "yes", "source_date": "2026-09-02 extract", "osm_tags": { "bicycle": "no", "foot": "designated", "highway": "path", "horse": "no", "lanes": "1", "leisure": "mixed-use_track", "lit": "yes", "name": "Lakefront Trail", "oneway": "no", "smoothness": "good", "source": "DigitakGlobe Standard Imagery;GPS", "sport": "running", "surface": "concrete", "width": "3" } }, "geometry": { "type": "LineString", "coordinates": [ [ -87.5744887, 41.7754844 ], [ -87.5747637, 41.7755078 ], [ -87.5748051, 41.7755129 ], [ -87.5748199, 41.7755147 ], [ -87.5748546, 41.7755308 ], [ -87.5748808, 41.7755647 ], [ -87.5749046, 41.77564 ], [ -87.5749374, 41.7757636 ] ] } },
{ "type": "Feature", "properties": { "osm_type": "way", "osm_id": 1357066825, "asset_type": "path", "asset_name": "Beach walks, access paths and Lakefront Trail segments", "authority": "OSM working geometry; CPD confirms ADA beach walk and paved dune-edge paths", "confidence": "medium", "spatial_precision": "mapped centerlines", "field_verify": "yes", "source_date": "2026-09-02 extract", "osm_tags": { "highway": "footway" } }, "geometry": { "type": "LineString", "coordinates": [ [ -87.5755427, 41.7802272 ], [ -87.5755115, 41.7801985 ], [ -87.5754493, 41.7801515 ], [ -87.5752804, 41.7800785 ] ] } },
{ "type": "Feature", "properties": { "osm_type": "way", "osm_id": 1368416449, "asset_type": "path", "asset_name": "Beach walks, access paths and Lakefront Trail segments", "authority": "OSM working geometry; CPD confirms ADA beach walk and paved dune-edge paths", "confidence": "medium", "spatial_precision": "mapped centerlines", "field_verify": "yes", "source_date": "2026-09-02 extract", "osm_tags": { "bicycle": "permissive", "highway": "footway" } }, "geometry": { "type": "LineString", "coordinates": [ [ -87.5762687, 41.78135 ], [ -87.576203, 41.781293 ], [ -87.576179, 41.781273 ], [ -87.5761574, 41.781255 ], [ -87.5761037, 41.78122 ], [ -87.5760461, 41.78119 ], [ -87.5760137, 41.7811732 ] ] } },
{ "type": "Feature", "properties": { "osm_type": "way", "osm_id": 1378126604, "asset_type": "path", "asset_name": "Beach walks, access paths and Lakefront Trail segments", "authority": "OSM working geometry; CPD confirms ADA beach walk and paved dune-edge paths", "confidence": "medium", "spatial_precision": "mapped centerlines", "field_verify": "yes", "source_date": "2026-09-02 extract", "osm_tags": { "highway": "footway" } }, "geometry": { "type": "LineString", "coordinates": [ [ -87.5783454, 41.7833543 ], [ -87.5783657, 41.783329 ] ] } },
{ "type": "Feature", "properties": { "osm_type": "way", "osm_id": 1378441231, "asset_type": "path", "asset_name": "Beach walks, access paths and Lakefront Trail segments", "authority": "OSM working geometry; CPD confirms ADA beach walk and paved dune-edge paths", "confidence": "medium", "spatial_precision": "mapped centerlines", "field_verify": "yes", "source_date": "2026-09-02 extract", "osm_tags": { "highway": "footway" } }, "geometry": { "type": "LineString", "coordinates": [ [ -87.5762357, 41.7801054 ], [ -87.5763038, 41.7800597 ] ] } },
{ "type": "Feature", "properties": { "osm_type": "way", "osm_id": 1378455619, "asset_type": "path", "asset_name": "Beach walks, access paths and Lakefront Trail segments", "authority": "OSM working geometry; CPD confirms ADA beach walk and paved dune-edge paths", "confidence": "medium", "spatial_precision": "mapped centerlines", "field_verify": "yes", "source_date": "2026-09-02 extract", "osm_tags": { "highway": "footway" } }, "geometry": { "type": "LineString", "coordinates": [ [ -87.5764235, 41.781152 ], [ -87.576225, 41.781248 ], [ -87.576179, 41.781273 ], [ -87.5761271, 41.781313 ], [ -87.5760936, 41.781347 ], [ -87.57604, 41.781415 ], [ -87.5760269, 41.781437 ] ] } },
{ "type": "Feature", "properties": { "osm_type": "way", "osm_id": 1378455620, "asset_type": "path", "asset_name": "Beach walks, access paths and Lakefront Trail segments", "authority": "OSM working geometry; CPD confirms ADA beach walk and paved dune-edge paths", "confidence": "medium", "spatial_precision": "mapped centerlines", "field_verify": "yes", "source_date": "2026-09-02 extract", "osm_tags": { "highway": "footway" } }, "geometry": { "type": "LineString", "coordinates": [ [ -87.576206, 41.781998 ], [ -87.5761925, 41.7820043 ], [ -87.5761079, 41.7820437 ] ] } },
{ "type": "Feature", "properties": { "osm_type": "way", "osm_id": 1378455621, "asset_type": "path", "asset_name": "Beach walks, access paths and Lakefront Trail segments", "authority": "OSM working geometry; CPD confirms ADA beach walk and paved dune-edge paths", "confidence": "medium", "spatial_precision": "mapped centerlines", "field_verify": "yes", "source_date": "2026-09-02 extract", "osm_tags": { "highway": "footway" } }, "geometry": { "type": "LineString", "coordinates": [ [ -87.5761925, 41.7820043 ], [ -87.5763074, 41.7821382 ], [ -87.5766963, 41.7819562 ], [ -87.5764696, 41.7816892 ], [ -87.5760861, 41.7818772 ], [ -87.5761925, 41.7820043 ] ] } },
{ "type": "Feature", "properties": { "osm_type": "way", "osm_id": 1387044564, "asset_type": "path", "asset_name": "Beach walks, access paths and Lakefront Trail segments", "authority": "OSM working geometry; CPD confirms ADA beach walk and paved dune-edge paths", "confidence": "medium", "spatial_precision": "mapped centerlines", "field_verify": "yes", "source_date": "2026-09-02 extract", "osm_tags": { "bicycle": "no", "foot": "designated", "highway": "path", "horse": "no", "lanes": "2", "leisure": "mixed-use_track", "lit": "yes", "name": "Lakefront Trail", "smoothness": "good", "source": "DigitakGlobe Standard Imagery;GPS", "sport": "running", "surface": "concrete", "width": "4" } }, "geometry": { "type": "LineString", "coordinates": [ [ -87.5706811, 41.7766417 ], [ -87.5707004, 41.7766081 ] ] } },
{ "type": "Feature", "properties": { "osm_type": "way", "osm_id": 1394452428, "asset_type": "path", "asset_name": "Beach walks, access paths and Lakefront Trail segments", "authority": "OSM working geometry; CPD confirms ADA beach walk and paved dune-edge paths", "confidence": "medium", "spatial_precision": "mapped centerlines", "field_verify": "yes", "source_date": "2026-09-02 extract", "osm_tags": { "bicycle": "designated", "foot": "no", "highway": "cycleway", "name": "Lakefront Trail", "smoothness": "good", "surface": "concrete", "width": "4" } }, "geometry": { "type": "LineString", "coordinates": [ [ -87.5749746, 41.7757598 ], [ -87.5749578, 41.7757019 ], [ -87.574927, 41.7756124 ], [ -87.5749039, 41.7755567 ], [ -87.5748946, 41.7755343 ], [ -87.5748769, 41.7755159 ], [ -87.5748453, 41.7754987 ], [ -87.5748122, 41.7754889 ], [ -87.574709, 41.7754791 ], [ -87.5745911, 41.7754711 ], [ -87.5744909, 41.7754637 ] ] } },
{ "type": "Feature", "properties": { "osm_type": "way", "osm_id": 1394452429, "asset_type": "path", "asset_name": "Beach walks, access paths and Lakefront Trail segments", "authority": "OSM working geometry; CPD confirms ADA beach walk and paved dune-edge paths", "confidence": "medium", "spatial_precision": "mapped centerlines", "field_verify": "yes", "source_date": "2026-09-02 extract", "osm_tags": { "bicycle": "no", "foot": "designated", "highway": "path", "horse": "no", "lanes": "2", "leisure": "mixed-use_track", "lit": "yes", "name": "Lakefront Trail", "smoothness": "good", "source": "DigitakGlobe Standard Imagery;GPS", "sport": "running", "surface": "concrete", "width": "3" } }, "geometry": { "type": "LineString", "coordinates": [ [ -87.5750795, 41.7818301 ], [ -87.5753158, 41.7821391 ] ] } },
{ "type": "Feature", "properties": { "osm_type": "way", "osm_id": 1394452430, "asset_type": "path", "asset_name": "Beach walks, access paths and Lakefront Trail segments", "authority": "OSM working geometry; CPD confirms ADA beach walk and paved dune-edge paths", "confidence": "medium", "spatial_precision": "mapped centerlines", "field_verify": "yes", "source_date": "2026-09-02 extract", "osm_tags": { "bicycle": "designated", "foot": "no", "highway": "cycleway", "lit": "yes", "name": "Lakefront Trail", "smoothness": "good", "source": "DigitakGlobe Standard Imagery;GPS", "surface": "concrete", "width": "5" } }, "geometry": { "type": "LineString", "coordinates": [ [ -87.5753399, 41.7821295 ], [ -87.5752626, 41.7820266 ], [ -87.575102, 41.7818203 ] ] } },
{ "type": "Feature", "properties": { "osm_type": "way", "osm_id": 1394452431, "asset_type": "path", "asset_name": "Beach walks, access paths and Lakefront Trail segments", "authority": "OSM working geometry; CPD confirms ADA beach walk and paved dune-edge paths", "confidence": "medium", "spatial_precision": "mapped centerlines", "field_verify": "yes", "source_date": "2026-09-02 extract", "osm_tags": { "bicycle": "designated", "foot": "no", "highway": "cycleway", "lit": "yes", "name": "Lakefront Trail", "smoothness": "good", "source": "DigitakGlobe Standard Imagery;GPS", "surface": "asphalt", "width": "5" } }, "geometry": { "type": "LineString", "coordinates": [ [ -87.575102, 41.7818203 ], [ -87.575076, 41.7817869 ], [ -87.574926, 41.7816023 ], [ -87.5748521, 41.7815113 ], [ -87.5747327, 41.7813372 ], [ -87.5746658, 41.781205 ] ] } },
{ "type": "Feature", "properties": { "osm_type": "way", "osm_id": 1394452432, "asset_type": "path", "asset_name": "Beach walks, access paths and Lakefront Trail segments", "authority": "OSM working geometry; CPD confirms ADA beach walk and paved dune-edge paths", "confidence": "medium", "spatial_precision": "mapped centerlines", "field_verify": "yes", "source_date": "2026-09-02 extract", "osm_tags": { "bicycle": "no", "foot": "designated", "highway": "path", "horse": "no", "lanes": "2", "leisure": "mixed-use_track", "lit": "yes", "name": "Lakefront Trail", "smoothness": "good", "source": "DigitakGlobe Standard Imagery;GPS", "sport": "running", "surface": "asphalt", "width": "3" } }, "geometry": { "type": "LineString", "coordinates": [ [ -87.5748784, 41.781597 ], [ -87.5748896, 41.7816013 ], [ -87.5749192, 41.7816231 ], [ -87.5750513, 41.7817932 ], [ -87.5750795, 41.7818301 ] ] } },
{ "type": "Feature", "properties": { "osm_type": "way", "osm_id": 1394452433, "asset_type": "path", "asset_name": "Beach walks, access paths and Lakefront Trail segments", "authority": "OSM working geometry; CPD confirms ADA beach walk and paved dune-edge paths", "confidence": "medium", "spatial_precision": "mapped centerlines", "field_verify": "yes", "source_date": "2026-09-02 extract", "osm_tags": { "bicycle": "no", "foot": "designated", "highway": "path", "horse": "no", "lanes": "2", "leisure": "mixed-use_track", "lit": "yes", "name": "Lakefront Trail", "smoothness": "good", "source": "DigitakGlobe Standard Imagery;GPS", "sport": "running", "surface": "asphalt", "width": "3" } }, "geometry": { "type": "LineString", "coordinates": [ [ -87.5753158, 41.7821391 ], [ -87.5753908, 41.7822372 ], [ -87.5756258, 41.7825731 ], [ -87.5758339, 41.7828776 ], [ -87.5759385, 41.7830381 ], [ -87.576016, 41.7831627 ], [ -87.5762458, 41.7835956 ] ] } },
{ "type": "Feature", "properties": { "osm_type": "way", "osm_id": 1394452435, "asset_type": "path", "asset_name": "Beach walks, access paths and Lakefront Trail segments", "authority": "OSM working geometry; CPD confirms ADA beach walk and paved dune-edge paths", "confidence": "medium", "spatial_precision": "mapped centerlines", "field_verify": "yes", "source_date": "2026-09-02 extract", "osm_tags": { "bicycle": "designated", "foot": "no", "highway": "cycleway", "lit": "yes", "name": "Lakefront Trail", "smoothness": "good", "source": "DigitakGlobe Standard Imagery;GPS", "surface": "asphalt", "width": "5" } }, "geometry": { "type": "LineString", "coordinates": [ [ -87.5762704, 41.7835872 ], [ -87.576037, 41.7831415 ], [ -87.575855, 41.7828509 ], [ -87.5757098, 41.7826371 ], [ -87.5756622, 41.7825676 ], [ -87.5754118, 41.7822251 ], [ -87.5753399, 41.7821295 ] ] } },
{ "type": "Feature", "properties": { "osm_type": "way", "osm_id": 1409643306, "asset_type": "path", "asset_name": "Beach walks, access paths and Lakefront Trail segments", "authority": "OSM working geometry; CPD confirms ADA beach walk and paved dune-edge paths", "confidence": "medium", "spatial_precision": "mapped centerlines", "field_verify": "yes", "source_date": "2026-09-02 extract", "osm_tags": { "bicycle": "designated", "button_operated": "yes", "crossing": "traffic_signals", "crossing:island": "no", "crossing:markings": "zebra", "cycleway": "crossing", "foot": "permissive", "highway": "cycleway", "lit": "yes", "name": "Lakefront Trail", "smoothness": "good", "source": "DigitakGlobe Standard Imagery;GPS", "surface": "concrete", "tactile_paving": "yes", "traffic_signals:countdown": "yes", "traffic_signals:sound": "yes", "width": "5" } }, "geometry": { "type": "LineString", "coordinates": [ [ -87.5744884, 41.7806045 ], [ -87.5744868, 41.780568 ] ] } },
{ "type": "Feature", "properties": { "osm_type": "way", "osm_id": 1409643307, "asset_type": "path", "asset_name": "Beach walks, access paths and Lakefront Trail segments", "authority": "OSM working geometry; CPD confirms ADA beach walk and paved dune-edge paths", "confidence": "medium", "spatial_precision": "mapped centerlines", "field_verify": "yes", "source_date": "2026-09-02 extract", "osm_tags": { "bicycle": "designated", "foot": "permissive", "highway": "cycleway", "lit": "yes", "name": "Lakefront Trail", "smoothness": "good", "source": "DigitakGlobe Standard Imagery;GPS", "surface": "concrete", "width": "5" } }, "geometry": { "type": "LineString", "coordinates": [ [ -87.574517, 41.7808569 ], [ -87.574505, 41.7808005 ] ] } },
{ "type": "Feature", "properties": { "osm_type": "way", "osm_id": 1409643310, "asset_type": "path", "asset_name": "Beach walks, access paths and Lakefront Trail segments", "authority": "OSM working geometry; CPD confirms ADA beach walk and paved dune-edge paths", "confidence": "medium", "spatial_precision": "mapped centerlines", "field_verify": "yes", "source_date": "2026-09-02 extract", "osm_tags": { "bicycle": "no", "foot": "designated", "highway": "path", "horse": "no", "lanes": "2", "leisure": "mixed-use_track", "lit": "yes", "name": "Lakefront Trail", "smoothness": "good", "source": "DigitakGlobe Standard Imagery;GPS", "sport": "running", "surface": "concrete", "width": "4" } }, "geometry": { "type": "LineString", "coordinates": [ [ -87.5706386, 41.7766291 ], [ -87.5706811, 41.7766417 ] ] } },
{ "type": "Feature", "properties": { "osm_type": "way", "osm_id": 1409643312, "asset_type": "path", "asset_name": "Beach walks, access paths and Lakefront Trail segments", "authority": "OSM working geometry; CPD confirms ADA beach walk and paved dune-edge paths", "confidence": "medium", "spatial_precision": "mapped centerlines", "field_verify": "yes", "source_date": "2026-09-02 extract", "osm_tags": { "bicycle": "designated", "foot": "permissive", "highway": "cycleway", "name": "Lakefront Trail", "smoothness": "good", "surface": "concrete", "width": "4" } }, "geometry": { "type": "LineString", "coordinates": [ [ -87.5713952, 41.7757437 ], [ -87.5713296, 41.7757567 ] ] } },
{ "type": "Feature", "properties": { "osm_type": "way", "osm_id": 1409643313, "asset_type": "path", "asset_name": "Beach walks, access paths and Lakefront Trail segments", "authority": "OSM working geometry; CPD confirms ADA beach walk and paved dune-edge paths", "confidence": "medium", "spatial_precision": "mapped centerlines", "field_verify": "yes", "source_date": "2026-09-02 extract", "osm_tags": { "bicycle": "no", "foot": "designated", "highway": "path", "horse": "no", "lanes": "2", "leisure": "mixed-use_track", "lit": "yes", "name": "Lakefront Trail", "smoothness": "good", "source": "DigitakGlobe Standard Imagery;GPS", "sport": "running", "surface": "concrete", "width": "4" } }, "geometry": { "type": "LineString", "coordinates": [ [ -87.5713335, 41.7757658 ], [ -87.5713952, 41.7757437 ] ] } },
{ "type": "Feature", "properties": { "osm_type": "way", "osm_id": 1409643314, "asset_type": "path", "asset_name": "Beach walks, access paths and Lakefront Trail segments", "authority": "OSM working geometry; CPD confirms ADA beach walk and paved dune-edge paths", "confidence": "medium", "spatial_precision": "mapped centerlines", "field_verify": "yes", "source_date": "2026-09-02 extract", "osm_tags": { "bicycle": "no", "foot": "designated", "highway": "path", "horse": "no", "lanes": "1", "leisure": "mixed-use_track", "lit": "yes", "name": "Lakefront Trail", "oneway": "no", "smoothness": "good", "source": "DigitakGlobe Standard Imagery;GPS", "sport": "running", "surface": "concrete", "width": "3" } }, "geometry": { "type": "LineString", "coordinates": [ [ -87.5716521, 41.7757396 ], [ -87.5717184, 41.7757419 ] ] } },
{ "type": "Feature", "properties": { "osm_type": "way", "osm_id": 1409643315, "asset_type": "path", "asset_name": "Beach walks, access paths and Lakefront Trail segments", "authority": "OSM working geometry; CPD confirms ADA beach walk and paved dune-edge paths", "confidence": "medium", "spatial_precision": "mapped centerlines", "field_verify": "yes", "source_date": "2026-09-02 extract", "osm_tags": { "bicycle": "designated", "foot": "no", "highway": "cycleway", "name": "Lakefront Trail", "smoothness": "good", "surface": "concrete", "width": "4" } }, "geometry": { "type": "LineString", "coordinates": [ [ -87.5717126, 41.7757263 ], [ -87.5716521, 41.7757396 ] ] } },
{ "type": "Feature", "properties": { "osm_type": "way", "osm_id": 1409643316, "asset_type": "path", "asset_name": "Beach walks, access paths and Lakefront Trail segments", "authority": "OSM working geometry; CPD confirms ADA beach walk and paved dune-edge paths", "confidence": "medium", "spatial_precision": "mapped centerlines", "field_verify": "yes", "source_date": "2026-09-02 extract", "osm_tags": { "bicycle": "no", "foot": "designated", "highway": "path", "horse": "no", "lanes": "2", "leisure": "mixed-use_track", "lit": "yes", "name": "Lakefront Trail", "smoothness": "good", "source": "DigitakGlobe Standard Imagery;GPS", "sport": "running", "surface": "concrete", "width": "3" } }, "geometry": { "type": "LineString", "coordinates": [ [ -87.5751592, 41.77682 ], [ -87.5751575, 41.7768426 ] ] } },
{ "type": "Feature", "properties": { "osm_type": "way", "osm_id": 1409643317, "asset_type": "path", "asset_name": "Beach walks, access paths and Lakefront Trail segments", "authority": "OSM working geometry; CPD confirms ADA beach walk and paved dune-edge paths", "confidence": "medium", "spatial_precision": "mapped centerlines", "field_verify": "yes", "source_date": "2026-09-02 extract", "osm_tags": { "bicycle": "no", "foot": "designated", "highway": "path", "horse": "no", "lanes": "2", "leisure": "mixed-use_track", "lit": "yes", "name": "Lakefront Trail", "smoothness": "good", "source": "DigitakGlobe Standard Imagery;GPS", "sport": "running", "surface": "concrete", "width": "3" } }, "geometry": { "type": "LineString", "coordinates": [ [ -87.5752452, 41.7781192 ], [ -87.5752928, 41.7781547 ], [ -87.5753507, 41.7782159 ] ] } },
{ "type": "Feature", "properties": { "osm_type": "way", "osm_id": 1415825013, "asset_type": "path", "asset_name": "Beach walks, access paths and Lakefront Trail segments", "authority": "OSM working geometry; CPD confirms ADA beach walk and paved dune-edge paths", "confidence": "medium", "spatial_precision": "mapped centerlines", "field_verify": "yes", "source_date": "2026-09-02 extract", "osm_tags": { "bicycle": "designated", "foot": "designated", "highway": "cycleway", "lcn": "yes", "name": "Marquette Road Access Path", "segregated": "no", "smoothness": "excellent", "surface": "concrete" } }, "geometry": { "type": "LineString", "coordinates": [ [ -87.5753606, 41.7756352 ], [ -87.575611, 41.7756534 ], [ -87.5756869, 41.7756614 ], [ -87.5760128, 41.7756747 ] ] } },
{ "type": "Feature", "properties": { "osm_type": "way", "osm_id": 1420425286, "asset_type": "path", "asset_name": "Beach walks, access paths and Lakefront Trail segments", "authority": "OSM working geometry; CPD confirms ADA beach walk and paved dune-edge paths", "confidence": "medium", "spatial_precision": "mapped centerlines", "field_verify": "yes", "source_date": "2026-09-02 extract", "osm_tags": { "highway": "footway", "surface": "concrete" } }, "geometry": { "type": "LineString", "coordinates": [ [ -87.5727647, 41.7788502 ], [ -87.572777, 41.7788623 ], [ -87.5728271, 41.7789116 ], [ -87.5728679, 41.7789518 ], [ -87.5728822, 41.7789658 ] ] } },
{ "type": "Feature", "properties": { "osm_type": "way", "osm_id": 1420425287, "asset_type": "path", "asset_name": "Beach walks, access paths and Lakefront Trail segments", "authority": "OSM working geometry; CPD confirms ADA beach walk and paved dune-edge paths", "confidence": "medium", "spatial_precision": "mapped centerlines", "field_verify": "yes", "source_date": "2026-09-02 extract", "osm_tags": { "crossing": "unmarked", "crossing:markings": "no", "footway": "crossing", "highway": "footway" } }, "geometry": { "type": "LineString", "coordinates": [ [ -87.572611, 41.778699 ], [ -87.5726692, 41.7787621 ], [ -87.5727091, 41.7787955 ] ] } },
{ "type": "Feature", "properties": { "osm_type": "way", "osm_id": 1420425288, "asset_type": "path", "asset_name": "Beach walks, access paths and Lakefront Trail segments", "authority": "OSM working geometry; CPD confirms ADA beach walk and paved dune-edge paths", "confidence": "medium", "spatial_precision": "mapped centerlines", "field_verify": "yes", "source_date": "2026-09-02 extract", "osm_tags": { "highway": "steps", "incline": "up", "surface": "concrete" } }, "geometry": { "type": "LineString", "coordinates": [ [ -87.5727091, 41.7787955 ], [ -87.5727647, 41.7788502 ] ] } },
{ "type": "Feature", "properties": { "osm_type": "way", "osm_id": 1420425289, "asset_type": "path", "asset_name": "Beach walks, access paths and Lakefront Trail segments", "authority": "OSM working geometry; CPD confirms ADA beach walk and paved dune-edge paths", "confidence": "medium", "spatial_precision": "mapped centerlines", "field_verify": "yes", "source_date": "2026-09-02 extract", "osm_tags": { "highway": "steps", "incline": "up", "surface": "concrete" } }, "geometry": { "type": "LineString", "coordinates": [ [ -87.5730381, 41.7787925 ], [ -87.5729106, 41.7788645 ] ] } },
{ "type": "Feature", "properties": { "osm_type": "way", "osm_id": 1420425290, "asset_type": "path", "asset_name": "Beach walks, access paths and Lakefront Trail segments", "authority": "OSM working geometry; CPD confirms ADA beach walk and paved dune-edge paths", "confidence": "medium", "spatial_precision": "mapped centerlines", "field_verify": "yes", "source_date": "2026-09-02 extract", "osm_tags": { "highway": "steps", "incline": "down", "surface": "concrete" } }, "geometry": { "type": "LineString", "coordinates": [ [ -87.5727468, 41.778957 ], [ -87.5726064, 41.7790363 ] ] } },
{ "type": "Feature", "properties": { "osm_type": "way", "osm_id": 1420425291, "asset_type": "path", "asset_name": "Beach walks, access paths and Lakefront Trail segments", "authority": "OSM working geometry; CPD confirms ADA beach walk and paved dune-edge paths", "confidence": "medium", "spatial_precision": "mapped centerlines", "field_verify": "yes", "source_date": "2026-09-02 extract", "osm_tags": { "highway": "footway", "surface": "concrete" } }, "geometry": { "type": "LineString", "coordinates": [ [ -87.5729106, 41.7788645 ], [ -87.5728974, 41.7788719 ], [ -87.5728271, 41.7789116 ], [ -87.5727468, 41.778957 ] ] } },
{ "type": "Feature", "properties": { "osm_type": "way", "osm_id": 1420425292, "asset_type": "path", "asset_name": "Beach walks, access paths and Lakefront Trail segments", "authority": "OSM working geometry; CPD confirms ADA beach walk and paved dune-edge paths", "confidence": "medium", "spatial_precision": "mapped centerlines", "field_verify": "yes", "source_date": "2026-09-02 extract", "osm_tags": { "footway": "link", "highway": "footway" } }, "geometry": { "type": "LineString", "coordinates": [ [ -87.5726064, 41.7790363 ], [ -87.5725719, 41.7790635 ], [ -87.5725057, 41.7791131 ], [ -87.5724798, 41.7791385 ] ] } },
{ "type": "Feature", "properties": { "osm_type": "way", "osm_id": 1420425293, "asset_type": "path", "asset_name": "Beach walks, access paths and Lakefront Trail segments", "authority": "OSM working geometry; CPD confirms ADA beach walk and paved dune-edge paths", "confidence": "medium", "spatial_precision": "mapped centerlines", "field_verify": "yes", "source_date": "2026-09-02 extract", "osm_tags": { "footway": "link", "highway": "footway" } }, "geometry": { "type": "LineString", "coordinates": [ [ -87.5730381, 41.7787925 ], [ -87.5730809, 41.7787683 ] ] } },
{ "type": "Feature", "properties": { "osm_type": "way", "osm_id": 1420425294, "asset_type": "path", "asset_name": "Beach walks, access paths and Lakefront Trail segments", "authority": "OSM working geometry; CPD confirms ADA beach walk and paved dune-edge paths", "confidence": "medium", "spatial_precision": "mapped centerlines", "field_verify": "yes", "source_date": "2026-09-02 extract", "osm_tags": { "area": "yes", "highway": "pedestrian" } }, "geometry": { "type": "Polygon", "coordinates": [ [ [ -87.5727878, 41.7789972 ], [ -87.572759, 41.778969 ], [ -87.5727468, 41.778957 ], [ -87.572729, 41.7789395 ], [ -87.5726967, 41.7789078 ], [ -87.572751, 41.7788771 ], [ -87.572777, 41.7788623 ], [ -87.5727917, 41.778854 ], [ -87.5728471, 41.7788225 ], [ -87.5728795, 41.7788543 ], [ -87.5728974, 41.7788719 ], [ -87.5729066, 41.7788809 ], [ -87.5729382, 41.7789119 ], [ -87.5728849, 41.7789421 ], [ -87.5728679, 41.7789518 ], [ -87.5728426, 41.7789662 ], [ -87.5727878, 41.7789972 ] ] ] } },
{ "type": "Feature", "properties": { "osm_type": "way", "osm_id": 1442905275, "asset_type": "path", "asset_name": "Beach walks, access paths and Lakefront Trail segments", "authority": "OSM working geometry; CPD confirms ADA beach walk and paved dune-edge paths", "confidence": "medium", "spatial_precision": "mapped centerlines", "field_verify": "yes", "source_date": "2026-09-02 extract", "osm_tags": { "access": "private", "highway": "footway" } }, "geometry": { "type": "LineString", "coordinates": [ [ -87.5733812, 41.7788167 ], [ -87.5733932, 41.7786776 ], [ -87.5733746, 41.7785365 ], [ -87.5733302, 41.7784178 ], [ -87.5733679, 41.7783155 ], [ -87.5733294, 41.7782308 ], [ -87.573271, 41.7781349 ], [ -87.5732175, 41.778072 ], [ -87.5731775, 41.7780271 ], [ -87.5731082, 41.7779553 ], [ -87.5729444, 41.7778143 ], [ -87.5728424, 41.7777219 ], [ -87.5727832, 41.777672 ] ] } },
{ "type": "Feature", "properties": { "osm_type": "way", "osm_id": 1443725557, "asset_type": "path", "asset_name": "Beach walks, access paths and Lakefront Trail segments", "authority": "OSM working geometry; CPD confirms ADA beach walk and paved dune-edge paths", "confidence": "medium", "spatial_precision": "mapped centerlines", "field_verify": "yes", "source_date": "2026-09-02 extract", "osm_tags": { "highway": "footway" } }, "geometry": { "type": "LineString", "coordinates": [ [ -87.5762505, 41.7797339 ], [ -87.5762011, 41.779697 ], [ -87.5761456, 41.779674 ], [ -87.5760902, 41.7796533 ], [ -87.5760238, 41.7796442 ], [ -87.5759417, 41.7796847 ], [ -87.5758678, 41.7797274 ], [ -87.5756557, 41.7798275 ], [ -87.575578, 41.7798641 ] ] } },
{ "type": "Feature", "properties": { "osm_type": "way", "osm_id": 1443725558, "asset_type": "path", "asset_name": "Beach walks, access paths and Lakefront Trail segments", "authority": "OSM working geometry; CPD confirms ADA beach walk and paved dune-edge paths", "confidence": "medium", "spatial_precision": "mapped centerlines", "field_verify": "yes", "source_date": "2026-09-02 extract", "osm_tags": { "cycleway": "track", "foot": "yes", "highway": "footway", "informal": "yes" } }, "geometry": { "type": "LineString", "coordinates": [ [ -87.5762213, 41.7799439 ], [ -87.5762286, 41.7798948 ], [ -87.5762505, 41.7797339 ] ] } },
{ "type": "Feature", "properties": { "osm_type": "way", "osm_id": 1443725560, "asset_type": "path", "asset_name": "Beach walks, access paths and Lakefront Trail segments", "authority": "OSM working geometry; CPD confirms ADA beach walk and paved dune-edge paths", "confidence": "medium", "spatial_precision": "mapped centerlines", "field_verify": "yes", "source_date": "2026-09-02 extract", "osm_tags": { "highway": "footway" } }, "geometry": { "type": "LineString", "coordinates": [ [ -87.5744952, 41.7817308 ], [ -87.5744656, 41.7818103 ], [ -87.5743979, 41.7819253 ], [ -87.573356, 41.7815347 ], [ -87.5728202, 41.7813338 ], [ -87.5728518, 41.7812825 ], [ -87.5728606, 41.7812686 ], [ -87.5729502, 41.7811979 ], [ -87.5731476, 41.7808993 ] ] } },
{ "type": "Feature", "properties": { "osm_type": "way", "osm_id": 1443725561, "asset_type": "path", "asset_name": "Beach walks, access paths and Lakefront Trail segments", "authority": "OSM working geometry; CPD confirms ADA beach walk and paved dune-edge paths", "confidence": "medium", "spatial_precision": "mapped centerlines", "field_verify": "yes", "source_date": "2026-09-02 extract", "osm_tags": { "highway": "footway" } }, "geometry": { "type": "LineString", "coordinates": [ [ -87.5731331, 41.780868 ], [ -87.5726568, 41.7809765 ], [ -87.5726397, 41.7809995 ], [ -87.5726233, 41.7810401 ] ] } },
{ "type": "Feature", "properties": { "osm_type": "way", "osm_id": 1443788974, "asset_type": "path", "asset_name": "Beach walks, access paths and Lakefront Trail segments", "authority": "OSM working geometry; CPD confirms ADA beach walk and paved dune-edge paths", "confidence": "medium", "spatial_precision": "mapped centerlines", "field_verify": "yes", "source_date": "2026-09-02 extract", "osm_tags": { "bicycle": "permissive", "highway": "footway", "smoothness": "excellent", "surface": "asphalt" } }, "geometry": { "type": "LineString", "coordinates": [ [ -87.5782857, 41.7762558 ], [ -87.5784278, 41.77638 ], [ -87.5785578, 41.7765141 ], [ -87.578669, 41.7765439 ], [ -87.5787471, 41.7765564 ] ] } },
{ "type": "Feature", "properties": { "osm_type": "way", "osm_id": 1446950432, "asset_type": "path", "asset_name": "Beach walks, access paths and Lakefront Trail segments", "authority": "OSM working geometry; CPD confirms ADA beach walk and paved dune-edge paths", "confidence": "medium", "spatial_precision": "mapped centerlines", "field_verify": "yes", "source_date": "2026-09-02 extract", "osm_tags": { "highway": "footway" } }, "geometry": { "type": "LineString", "coordinates": [ [ -87.5718324, 41.7780565 ], [ -87.5718069, 41.7779848 ] ] } },
{ "type": "Feature", "properties": { "osm_type": "way", "osm_id": 1446950433, "asset_type": "path", "asset_name": "Beach walks, access paths and Lakefront Trail segments", "authority": "OSM working geometry; CPD confirms ADA beach walk and paved dune-edge paths", "confidence": "medium", "spatial_precision": "mapped centerlines", "field_verify": "yes", "source_date": "2026-09-02 extract", "osm_tags": { "highway": "footway" } }, "geometry": { "type": "LineString", "coordinates": [ [ -87.5714663, 41.7771754 ], [ -87.5714914, 41.7771573 ], [ -87.5715184, 41.7771378 ] ] } },
{ "type": "Feature", "properties": { "osm_type": "way", "osm_id": 1446950434, "asset_type": "path", "asset_name": "Beach walks, access paths and Lakefront Trail segments", "authority": "OSM working geometry; CPD confirms ADA beach walk and paved dune-edge paths", "confidence": "medium", "spatial_precision": "mapped centerlines", "field_verify": "yes", "source_date": "2026-09-02 extract", "osm_tags": { "highway": "footway" } }, "geometry": { "type": "LineString", "coordinates": [ [ -87.571011, 41.7768063 ], [ -87.5709654, 41.7768447 ], [ -87.5708707, 41.7767918 ], [ -87.570838, 41.7767735 ], [ -87.5708765, 41.776732 ] ] } },
{ "type": "Feature", "properties": { "osm_type": "way", "osm_id": 1446956889, "asset_type": "path", "asset_name": "Beach walks, access paths and Lakefront Trail segments", "authority": "OSM working geometry; CPD confirms ADA beach walk and paved dune-edge paths", "confidence": "medium", "spatial_precision": "mapped centerlines", "field_verify": "yes", "source_date": "2026-09-02 extract", "osm_tags": { "highway": "footway" } }, "geometry": { "type": "LineString", "coordinates": [ [ -87.5719338, 41.7775793 ], [ -87.5719738, 41.7775583 ] ] } },
{ "type": "Feature", "properties": { "osm_type": "way", "osm_id": 1446956890, "asset_type": "path", "asset_name": "Beach walks, access paths and Lakefront Trail segments", "authority": "OSM working geometry; CPD confirms ADA beach walk and paved dune-edge paths", "confidence": "medium", "spatial_precision": "mapped centerlines", "field_verify": "yes", "source_date": "2026-09-02 extract", "osm_tags": { "highway": "footway" } }, "geometry": { "type": "LineString", "coordinates": [ [ -87.5717201, 41.7774039 ], [ -87.5717795, 41.77737 ] ] } },
{ "type": "Feature", "properties": { "osm_type": "way", "osm_id": 1446956891, "asset_type": "path", "asset_name": "Beach walks, access paths and Lakefront Trail segments", "authority": "OSM working geometry; CPD confirms ADA beach walk and paved dune-edge paths", "confidence": "medium", "spatial_precision": "mapped centerlines", "field_verify": "yes", "source_date": "2026-09-02 extract", "osm_tags": { "highway": "footway" } }, "geometry": { "type": "LineString", "coordinates": [ [ -87.5716751, 41.7773366 ], [ -87.5717176, 41.7773101 ] ] } },
{ "type": "Feature", "properties": { "osm_type": "way", "osm_id": 1446956892, "asset_type": "path", "asset_name": "Beach walks, access paths and Lakefront Trail segments", "authority": "OSM working geometry; CPD confirms ADA beach walk and paved dune-edge paths", "confidence": "medium", "spatial_precision": "mapped centerlines", "field_verify": "yes", "source_date": "2026-09-02 extract", "osm_tags": { "highway": "steps" } }, "geometry": { "type": "LineString", "coordinates": [ [ -87.5716582, 41.7773472 ], [ -87.5716751, 41.7773366 ] ] } },
{ "type": "Feature", "properties": { "osm_type": "way", "osm_id": 1446956893, "asset_type": "path", "asset_name": "Beach walks, access paths and Lakefront Trail segments", "authority": "OSM working geometry; CPD confirms ADA beach walk and paved dune-edge paths", "confidence": "medium", "spatial_precision": "mapped centerlines", "field_verify": "yes", "source_date": "2026-09-02 extract", "osm_tags": { "highway": "footway" } }, "geometry": { "type": "LineString", "coordinates": [ [ -87.571429, 41.7772023 ], [ -87.5714471, 41.7771893 ], [ -87.5714572, 41.777182 ] ] } },
{ "type": "Feature", "properties": { "osm_type": "way", "osm_id": 1446956894, "asset_type": "path", "asset_name": "Beach walks, access paths and Lakefront Trail segments", "authority": "OSM working geometry; CPD confirms ADA beach walk and paved dune-edge paths", "confidence": "medium", "spatial_precision": "mapped centerlines", "field_verify": "yes", "source_date": "2026-09-02 extract", "osm_tags": { "highway": "steps" } }, "geometry": { "type": "LineString", "coordinates": [ [ -87.5714572, 41.777182 ], [ -87.5714663, 41.7771754 ] ] } },
{ "type": "Feature", "properties": { "osm_type": "way", "osm_id": 1446956895, "asset_type": "path", "asset_name": "Beach walks, access paths and Lakefront Trail segments", "authority": "OSM working geometry; CPD confirms ADA beach walk and paved dune-edge paths", "confidence": "medium", "spatial_precision": "mapped centerlines", "field_verify": "yes", "source_date": "2026-09-02 extract", "osm_tags": { "highway": "footway", "ramp": "wheelchair" } }, "geometry": { "type": "LineString", "coordinates": [ [ -87.5714914, 41.7771573 ], [ -87.5713977, 41.777083 ], [ -87.5713825, 41.777094 ], [ -87.571443, 41.7771414 ], [ -87.5714244, 41.777154 ] ] } },
{ "type": "Feature", "properties": { "osm_type": "way", "osm_id": 1446956900, "asset_type": "path", "asset_name": "Beach walks, access paths and Lakefront Trail segments", "authority": "OSM working geometry; CPD confirms ADA beach walk and paved dune-edge paths", "confidence": "medium", "spatial_precision": "mapped centerlines", "field_verify": "yes", "source_date": "2026-09-02 extract", "osm_tags": { "highway": "footway" } }, "geometry": { "type": "LineString", "coordinates": [ [ -87.5714244, 41.777154 ], [ -87.571414, 41.7771611 ], [ -87.5714471, 41.7771893 ] ] } },
{ "type": "Feature", "properties": { "osm_type": "way", "osm_id": 1446956901, "asset_type": "path", "asset_name": "Beach walks, access paths and Lakefront Trail segments", "authority": "OSM working geometry; CPD confirms ADA beach walk and paved dune-edge paths", "confidence": "medium", "spatial_precision": "mapped centerlines", "field_verify": "yes", "source_date": "2026-09-02 extract", "osm_tags": { "highway": "footway" } }, "geometry": { "type": "LineString", "coordinates": [ [ -87.5708827, 41.7768319 ], [ -87.5708707, 41.7767918 ] ] } },
{ "type": "Feature", "properties": { "osm_type": "way", "osm_id": 1446956902, "asset_type": "path", "asset_name": "Beach walks, access paths and Lakefront Trail segments", "authority": "OSM working geometry; CPD confirms ADA beach walk and paved dune-edge paths", "confidence": "medium", "spatial_precision": "mapped centerlines", "field_verify": "yes", "source_date": "2026-09-02 extract", "osm_tags": { "highway": "footway" } }, "geometry": { "type": "LineString", "coordinates": [ [ -87.5706514, 41.776755 ], [ -87.5706241, 41.7767409 ] ] } },
{ "type": "Feature", "properties": { "osm_type": "way", "osm_id": 1446956906, "asset_type": "path", "asset_name": "Beach walks, access paths and Lakefront Trail segments", "authority": "OSM working geometry; CPD confirms ADA beach walk and paved dune-edge paths", "confidence": "medium", "spatial_precision": "mapped centerlines", "field_verify": "yes", "source_date": "2026-09-02 extract", "osm_tags": { "highway": "footway" } }, "geometry": { "type": "LineString", "coordinates": [ [ -87.5704995, 41.7770472 ], [ -87.5704197, 41.7771285 ] ] } },
{ "type": "Feature", "properties": { "osm_type": "way", "osm_id": 1446958576, "asset_type": "path", "asset_name": "Beach walks, access paths and Lakefront Trail segments", "authority": "OSM working geometry; CPD confirms ADA beach walk and paved dune-edge paths", "confidence": "medium", "spatial_precision": "mapped centerlines", "field_verify": "yes", "source_date": "2026-09-02 extract", "osm_tags": { "highway": "footway" } }, "geometry": { "type": "LineString", "coordinates": [ [ -87.5779534, 41.780905 ], [ -87.5780375, 41.780905 ], [ -87.5781157, 41.7808891 ] ] } },
{ "type": "Feature", "properties": { "osm_type": "way", "osm_id": 1459438952, "asset_type": "path", "asset_name": "Beach walks, access paths and Lakefront Trail segments", "authority": "OSM working geometry; CPD confirms ADA beach walk and paved dune-edge paths", "confidence": "medium", "spatial_precision": "mapped centerlines", "field_verify": "yes", "source_date": "2026-09-02 extract", "osm_tags": { "highway": "footway" } }, "geometry": { "type": "LineString", "coordinates": [ [ -87.5769753, 41.7804624 ], [ -87.5769943, 41.7803265 ], [ -87.577022, 41.7802836 ] ] } },
{ "type": "Feature", "properties": { "osm_type": "way", "osm_id": 1459438953, "asset_type": "path", "asset_name": "Beach walks, access paths and Lakefront Trail segments", "authority": "OSM working geometry; CPD confirms ADA beach walk and paved dune-edge paths", "confidence": "medium", "spatial_precision": "mapped centerlines", "field_verify": "yes", "source_date": "2026-09-02 extract", "osm_tags": { "highway": "footway" } }, "geometry": { "type": "LineString", "coordinates": [ [ -87.5770432, 41.780646 ], [ -87.5770253, 41.7806 ] ] } },
{ "type": "Feature", "properties": { "osm_type": "way", "osm_id": 1459438954, "asset_type": "path", "asset_name": "Beach walks, access paths and Lakefront Trail segments", "authority": "OSM working geometry; CPD confirms ADA beach walk and paved dune-edge paths", "confidence": "medium", "spatial_precision": "mapped centerlines", "field_verify": "yes", "source_date": "2026-09-02 extract", "osm_tags": { "crossing": "uncontrolled", "crossing:markings": "zebra", "crossing:signals": "no", "footway": "crossing", "highway": "footway" } }, "geometry": { "type": "LineString", "coordinates": [ [ -87.5770253, 41.7806 ], [ -87.5769973, 41.7805231 ], [ -87.5769753, 41.7804624 ] ] } },
{ "type": "Feature", "properties": { "osm_type": "way", "osm_id": 1510592756, "asset_type": "path", "asset_name": "Beach walks, access paths and Lakefront Trail segments", "authority": "OSM working geometry; CPD confirms ADA beach walk and paved dune-edge paths", "confidence": "medium", "spatial_precision": "mapped centerlines", "field_verify": "yes", "source_date": "2026-09-02 extract", "osm_tags": { "highway": "footway" } }, "geometry": { "type": "LineString", "coordinates": [ [ -87.5725258, 41.7810094 ], [ -87.5726233, 41.7810401 ], [ -87.5726636, 41.781072 ], [ -87.5728518, 41.7812825 ] ] } },
{ "type": "Feature", "properties": { "osm_type": "way", "osm_id": 1524467776, "asset_type": "path", "asset_name": "Beach walks, access paths and Lakefront Trail segments", "authority": "OSM working geometry; CPD confirms ADA beach walk and paved dune-edge paths", "confidence": "medium", "spatial_precision": "mapped centerlines", "field_verify": "yes", "source_date": "2026-09-02 extract", "osm_tags": { "highway": "footway" } }, "geometry": { "type": "LineString", "coordinates": [ [ -87.5732944, 41.7805718 ], [ -87.573334, 41.7806269 ] ] } },
{ "type": "Feature", "properties": { "osm_type": "way", "osm_id": 1524467777, "asset_type": "path", "asset_name": "Beach walks, access paths and Lakefront Trail segments", "authority": "OSM working geometry; CPD confirms ADA beach walk and paved dune-edge paths", "confidence": "medium", "spatial_precision": "mapped centerlines", "field_verify": "yes", "source_date": "2026-09-02 extract", "osm_tags": { "highway": "footway" } }, "geometry": { "type": "LineString", "coordinates": [ [ -87.5734956, 41.7807886 ], [ -87.5735104, 41.7808437 ] ] } },
{ "type": "Feature", "properties": { "osm_type": "way", "osm_id": 1524467778, "asset_type": "path", "asset_name": "Beach walks, access paths and Lakefront Trail segments", "authority": "OSM working geometry; CPD confirms ADA beach walk and paved dune-edge paths", "confidence": "medium", "spatial_precision": "mapped centerlines", "field_verify": "yes", "source_date": "2026-09-02 extract", "osm_tags": { "highway": "footway" } }, "geometry": { "type": "LineString", "coordinates": [ [ -87.5733725, 41.7808048 ], [ -87.5733889, 41.7808589 ] ] } },
{ "type": "Feature", "properties": { "osm_type": "way", "osm_id": 1524468670, "asset_type": "path", "asset_name": "Beach walks, access paths and Lakefront Trail segments", "authority": "OSM working geometry; CPD confirms ADA beach walk and paved dune-edge paths", "confidence": "medium", "spatial_precision": "mapped centerlines", "field_verify": "yes", "source_date": "2026-09-02 extract", "osm_tags": { "highway": "footway" } }, "geometry": { "type": "LineString", "coordinates": [ [ -87.573213, 41.7817655 ], [ -87.573356, 41.7815347 ] ] } },
{ "type": "Feature", "properties": { "osm_type": "way", "osm_id": 1524468675, "asset_type": "path", "asset_name": "Beach walks, access paths and Lakefront Trail segments", "authority": "OSM working geometry; CPD confirms ADA beach walk and paved dune-edge paths", "confidence": "medium", "spatial_precision": "mapped centerlines", "field_verify": "yes", "source_date": "2026-09-02 extract", "osm_tags": { "highway": "footway" } }, "geometry": { "type": "LineString", "coordinates": [ [ -87.5729007, 41.7814433 ], [ -87.572823, 41.7814123 ], [ -87.5728081, 41.7814048 ], [ -87.5728202, 41.7813338 ] ] } }
]
}
